2,163,169
171,129,128
134,128
155,138
155,128
108,135
18,128
123,155
51,128
134,129
154,124
154,107
14,132
16,12,128,156,154,135
123,107
123,154,128
130,51
155,146,148,164,151
169,154
154,124,164,151
154,170
170,107,162
154,2,107,21,124
12,163,2,134,156,154,130
156,163,157,151
169,140,107,161
155,108,151
154,134,128
154,155,107
138,135
155,138
123,130,134
159,128
169,136
154,128
169,167,132,134,168,129,154
146,155,151
124,170,12,151
154,124
46,161
155,107
148,159
51,107,160,14,154,45,124,15
161,12
157,167
123,130,159
154,129
148,159,129
170,132,129
124,129
160,140,107,19,156
107,128
169,164,151
169,124
146,134,155,151
123,154,124,135
123,159
156,128
124,15,18
146,148,26,151
107,168
155,161
156,25,148,155,159
156,161
124,170,138
148,151
154,138,19,157
156,164
156,135
161,151
123,161
132,146,148,151,140,154,161
51,12,163,140,15,161
154,134,151
156,123,138,135
14,154
154,124
169,134
154,151,12,139
161,128
155,154,51,18,128
124,167,155
155,151
134,161
138,12
134,128
107,128
154,2
169,154,148,15
124,170
169,154,155,128
155,164,151
134,139
148,170
133,159
154,134
2,170
157,139
107,19,128
148,155
156,140,46
155,128
154,135
146,155,164,151,156,154,135
12,155,18,124,15,135
157,146,168,151
156,154,161,151
74,134
138,161
154,155,128
164,151
156,107
154,128
156,15,128
161,174
18,15,132
169,154,130,133,74
170,15,154,124,18,161
146,151
154,128
74,124
164,151
164,155,151,166,134,154,161
160,159
148,155,151
154,170,138
124,12
160,163,130,19,154
123,14,154,159,128
123,159
154,12
155,128
146,148,151,140,156,154,135
51,155
123,51,155,134,128
154,148,155,135
155,151
164,161,151
46,15,155
156,155,159,169,107
50,159
148,155,131
157,171,170,138,168
154,107
154,155
154,107,128
156,146,151
160,169
154,124,107,155
124,171
154,158,173
163,159
154,129
161,108
130,124,155
124,161
148,155,128
156,135
169,154,148,156
74,124,151
167,12
161,151
107,2,159,128,154,15
123,124,155,138
155,168
157,155
154,46,167
146,167,151
154,124,155,134
146,151
123,134,128
154,128
155,108,124
140,46,161
154,164,151
16,46,128
12,128
169,128
154,161,151
146,155,164,151
154,151,155,128
156,128
148,155
169,154,124,159,161
154,128
130,15,161
138,128
155,135,128
156,107
156,154,46,128
156,134,161
169,124,108
146,155,151,159,156,154,161
134,161
163,128
154,128
46,108,146,151,15,19
154,161,151
123,26,107
154,124
156,140
155,135
160,138
156,154
130,134,155
169,124,26
134,159,162
156,108,128
154,164,151
123,2
156,168,128
156,146,151
156,161
155,168,128
155,15
154,164,161
156,146,151
154,134
164,151,163,128,19,21
130,159
154,124,12
154,134
138,135
154,146,161,151
156,15,12,128
74,21
51,12,16,139,158,164,107,151,160,163,157,134,159,133,129,128,156,154,161,135
46,134,128
154,130,155,148
154,124,171,12
163,74,128
154,130,132,128
155,167
154,140
134,128
154,19,128
146,155,151
161,162
140,128
163,134,128
169,107
154,12
156,136,134
163,128
130,155
50,74,164,155,151,154,135
155,128
154,148,159,161,128
15,107
154,134
154,164,159,151
156,124,164,151
160,154,124,157
157,140
170,132,155,151,166,14,138,128,154
154,138
167,139,163,74,130,124
123,128
154,128
155,128
155,164
154,124,155,12
161,154,134,148
166,154,155,128,151
154,128
151,164,139
130,161
169,151
155,128
164,151
148,161
124,134
164,155,151
169,134
154,134,107
155,128
158,148,128
154,132
154,135
154,148
134,161
148,161
156,146,151
154,124
156,151
124,159
51,12,16,155,107,160,157,140,128,156,154
154,12,128
132,155,164,151,166,134,154,21
12,155,107,140,133,129,16,154,130,135,148,160,157,163,159,51,146,134,128,156,15,161,139,151
154,161
146,46,168,129
155,128
26,164,138,169,151
146,155,148,164,151,154
164,151
156,128
134,2
154,155,129
154,128
19,155,12,151
46,51
154,124
156,154,169
156,146,151
169,2
154,128
18,15
166,25,107,151
14,154,107
148,151
156,154,21
134,161
155,151
74,146,167,151
154,128
154,133
156,140
134,138,135
154,130,134,139
146,155,151
154,159,128
123,164,155,151
157,130
130,124
148,155
154,159,148,26,128
154,140,148,12,134
156,51,107
16,154,140,158
140,159
161,128
160,14,107
154,151
170,15,107,128
161,130,155,12,156
155,138
14,163,134,174
169,130,167
154,155
138,161
170,148,164,151,166,157,128,156,154,135
161,14,148,155,18
156,154,124,169
156,46,168,51
46,107
169,14,164,159,151
154,46
46,167,135,128
156,138
154,155
156,160
154,155,135
133,155,161
135,4
154,155
161,155,19,151
154,164,155,162,151
123,155,2
156,134,167
136,154
146,155,151
164,155,151
51,128
154,159,128
156,136,124,138
163,134,161
123,169
170,12
156,51,129
130,159
155,157,138,128,154,135
108,164,155,151,160,124
155,12
134,26,132
154,148,159,151
26,155,15,167,139
50,107
156,51,169,128
154,15
163,130,164,151
16,51,107,135
154,124,138
157,154,155,161
156,154,138
25,155,26,15
154,107
155,108
155,151
156,166,164,151
154,107,161
167,135
169,154,124,138
154,148,164,161,151
156,164,155,161
164,124,151
123,140,124,155,135
25,51,12,146,148,155,151,160,14,134,138,128,156,154,15,161,135
155,12
130,133
161,154,19,12
151,134,164,21,139
155,128
163,155,128
134,161
154,140,155,12
51,12
154,161,128
146,133,151
164,151
161,162
25,155
154,138
123,148,164,151,156,161
154,12
12,146,155,148,151,140,138,129,128,154,19,161
130,168
170,161
156,151,155,128
169,26,107
156,130
130,167
170,171,128
154,128
156,146,151
123,134,128
154,155,15,128
154,130,107
146,161,151
154,12,157
170,139
170,107
50,170
156,140
124,107
26,12,155,107,157,138,156
134,128
151,128,156,154,15,161
154,130
170,128
156,164
163,132
138,161
156,146,159,21,151
45,155
130,161,132,128
156,151
146,155,164,151,2,161
123,15,19
51,12,156,146,155,148,107,162,151,160,163,140,134,159,157,128,16,154,161
156,154,140,173
74,25,164,151
155,161,151
156,166,21,151
159,170,107,128
170,128
148,155
156,154,167,128
107,161
12,128
169,146,148,151,134,138,159,156,154
45,12,174
14,51,107,161
130,148,170
156,140,155
46,155
156,12,128
169,128
154,124
163,164,159,135,151
154,128
161,128
169,138
154,155
156,154,148,164
169,154,140,129
154,135
123,163,128
169,161
159,138
158,12
123,155,170,107,156
154,21
154,128
156,14,138,167
169,154,130,139
154,128
170,138,128
159,21
130,159
146,155,164,151
154,26
134,128
156,14,128
156,155,148,164,151
123,140,134,168,138
169,155,18
124,170,129
156,26
139,148,155,154,130,161
154,124,138,148
50,164,18,151,163,15
146,151,163,128,156,154
154,163,124
123,164,159,151
134,135
140,161
169,107,128
154,130,168,128
154,159
156,107
123,159
169,154,134
154,164,151
140,12
168,128
140,128
123,154,170,107,21
154,148,15,107
14,124
154,159
156,140,46,107,167
169,25,139,146,164,148,155,151,166,157,14,154,124,135
123,46
169,171
169,148,140,138,156,154
154,128
155,164,151
156,154,148,21,169
123,154,128
156,134,161,135
158,21,159,12,167
154,140,107,161,128
123,154,12,156
160,155
123,167,129
156,130
154,124,155
107,128
156,158
140,155,129
154,46,155
140,159
156,14
154,140,148,159,161
134,138
154,148,151
130,138
169,132,138,156,154,124
124,170
107,19
155,107
154,163,170
156,12,128
169,170
164,151
123,154,130,148,128
134,155,128
140,148,155
169,130
155,139
156,140,167,128
123,155,18
154,107
163,148,151
169,154,15
154,134,138,12,135
164,154,170,107,151
156,140
154,163,107
139,128
140,161
156,134,138
154,140
74,154,155,167
166,154,167,151
170,138
107,139
156,148,124
156,154,12,135
161,151
123,134,155,108
169,51,134,156,45,161
156,134
140,161
154,124,138,129
154,124,138,15,155
169,15
156,154
156,167
156,14,161,128
163,133,108
154,124
169,51,107,124
133,154,124
148,170
160,148,155
140,164,151
161,129
156,107
132,155,107,160,14,138
146,155,151
163,2,107,124
74,154
154,130,12
134,12
154,107
169,140
140,155
14,2,161,134
107,128
154,164
157,12
169,26
154,170,138,12
154,124,134
154,124
164,155,151,168,154,45,124
123,156
74,46,167,51
156,154,148,107
130,128
169,154,140,124
154,130,170
146,161,151
154,128
169,123,167
130,159,129
12,128
155,159,128
154,124,161,134,139
157,148,155
46,171,170,146,18,107,162,151,14,154,15,161
154,134,167
14,154,173
134,128
155,128
159,139
155,128
169,154,164,170,151
157,2
156,140
123,51,168
156,21
154,161,128
154,128
160,14,169
133,124,107,12,156
148,161,124
154,146,151
169,128
154,146,151
123,140,107
123,156
124,170
130,134
154,124
155,129
140,148,167,12
154,128
154,130
130,132
164,171,151
154,135,139
123,154,19,128
146,148,170,171
12,139,155,107,164,151,154
155,129
167,12,146,155,151,140,159,154
163,130
134,148
164,159,21,151
156,166,151
140,46,155,129
133,155,129
155,18,161,128
146,151
154,51,108
148,155,167,128
154,138
123,154,2
155,138,128
155,139
107,128
130,134,170,161,128
16,159,155,107,15
51,107
155,151
123,46,136,155,107,18,148,157,134,138,128,156,154,130,15,161
154,138
12,146,151,159,156,154
146,155
157,140
156,168,161
123,161,128
154,12
154,140
134,162,128
154,138
25,12,146,155,164,151,140,173,156,154,15,161
146,151
161,132
156,170,130,124,155
154,138
123,2
158,173
123,154
154,164,151
26,107
138,128
154,128
154,159,128
123,2,159
154,161
161,128
169,140,124
154,133
16,158,168
154,155
154,134,107,138,155
154,128
154,164,128
156,12
154,138
135,128
14,26
162,128
2,159
154,124,159
154,108
155,15,151
26,154,134,167
19,128
156,130,138
154,155,151
12,16,146,148,155,107,164,151,163,140,134,133,129,128,156,154,130,15,161,135
154,159
46,135,128
46,134
154,159
12,128
156,154,146,151
25,132,155,18,14,138,128,154,130,15,161,135
130,161
169,140,107
25,46,26,128,156,19
154,128
136,154
169,140
157,161
156,161,128
170,161
169,2
130,51,159
169,129
157,138
51,159,161,139
154,124,164,14,151
154,140,132,135
154,130,148,161,151
134,161
163,148
26,139
140,155
154,128
154,25
154,130,107
169,154,138
51,107
155,128
123,148,164,151,160,154
161,148,167,12,156
26,107
12,155,164,140,133,2,129,16,154,130,135,123,148,157,159,21,51,146,134,128,156,161,132,139,151
46,161,134
25,26
171,128
156,124,169
169,46,12
169,164,151
51,128
130,159
148,155,151
163,155
156,107
74,134,12,108
14,154
169,146,148,164,155,151,163,128,154,15,21
163,2
156,148,128
156,140,46,128
159,168,128
130,124
154,26
123,12
14,168
107,128
156,140
169,161,162
12,164,107,155,151,163,128,154,135
140,170
155,164,107,140,133,129,16,154,130,135,148,157,163,159,136,146,134,128,156,15,161,139,158,151,131
169,74,108
156,128
154,161
124,159
156,155
51,155,135
154,45
160,51,107
166,154,151
163,140
157,148,159,128
169,154,12
154,164,151
156,154,132
123,107
123,2,169
156,154
134,161,128
12,164,148,155,151,154,15,161
160,154,151
46,12
154,128
156,154,124,15,161
163,155
134,159,148
154,128
123,2
16,154
156,164,151
156,107
157,15
156,146,151
123,136,128
156,154
161,135
154,128
154,134,155,128
156,154,130,124
123,154,148,2
123,74,134
154,155
136,134
170,151
154,108
148,128
123,12,108,151,157,134,129,156,130,161
164,151
12,151
164,151
123,2,170,46
156,14,51
159,128
2,170,108
154,128
133,107,12
169,151,164,128
155,128
156,129
154,148,128
154,124,18,157
169,154,124,151
169,130
146,151
26,155,164,151,163,129,135
154,138
140,134,51
169,12
156,134
154,158
46,164,108
155,134,108
123,159
163,51,107
157,12
19,128
45,107
12,128
16,74,123,164,151
157,124
156,154
159,155,138,148,128
154,124,138
156,146,155
148,155,151
154,138
155,108
154,134
156,154,107
155,12
163,162,128
159,128
164,155,151
164,151
25,107
148,155
123,155,164,151,134,161
133,124
134,155,128
160,159,107
154,151,164,155,139
46,107,167
50,12
130,134,159
154,134
151,134,164,128
156,161,135
154,107,161
130,159
19,2,155,107
156,130,128
154,135
74,167,12
154,130,146,151
160,154,138
154,128
157,130,163
169,139
123,12,139,146,148,164,155,151,140,133,129,128,156,154,130,161,135
156,128
156,154,124
155,159
154,135
154,140
148,170
123,124
156,148,129
130,155
155,128
123,154,160,169
170,128
133,155
163,148,151
154,12
123,138
164,155,151
148,155
156,154
156,146,151
156,146,148,139,151
156,139,128
155,128
161,12
156,154,170,15,12
154,124
154,130,164,151
169,148
124,155
159,108
154,12
169,154
2,124
155,138
154,146,148,151
148,155,151
154,138
154,128
123,155,162,128,156,15
161,123,12
154,139
18,107,161
156,163
154,128
160,155,107,167
160,130,133,124
156,148,155
123,134,156
130,124
157,138
164,151
134,161
140,170,12
123,156
155,138
74,146,151
134,161
154,159
154,161,128
164,161,151
169,154,140
123,74,2,170,108
163,148,161
164,139,151
14,25,171,12
161,12,128
169,139,155,14,166,159,138,129,156,161
123,128
154,128
169,15
170,129
163,159,128
51,164,107,151,159,128,154
161,128
170,138
159,140,167,128
154,134,138
156,151
154,132
154,164,151
169,163,21,135
157,15
154,128
154,146,155,157,151
161,129
156,130,134,161
50,108
146,151
154,15
146,151
164,151
156,140,148
154,26
124,155
123,161,16
123,154
140,129
155,139
170,12
146,155,151
160,132
154,161,128
134,128,154,130,161,135
156,148,155
136,155,128,154,161,135
170,155
169,155,161
156,134,15,128
161,154,12,128
123,163,12
156,161,151
154,129,128
123,130,128
156,107,168
140,124,168
154,134,128
123,138
154,146,151
170,139
156,161
161,163,21
155,26
154,146,148,21
146,155,19,151
156,148,15
128,146,123,162,151
140,155,15,107
140,155,107
156,155
107,128
14,146,151
170,128
18,155,128,156,154,15,161
123,148,159
158,132
154,12
169,140
50,170,107
169,15,135
123,128
169,158,146,148,155,151,156
154,140
123,128
130,51,155
164,154,155,15,151
123,136
154,12
146,151
159,139,19,128
136,155
123,2
74,161,129
74,2
140,134
154,128
156,164,151
123,154,167
2,128
12,155,134,128,156,154,130
169,134,107,155
154,134
154,107,128
163,135,128
154,25,134,45
154,148
169,135,139
123,134
156,46,107,21,169
156,154,148,135
164,167,21,151
124,139
155,128
154,155
155,128
160,134,170
154,164,151
123,148,155,163,157,128
123,74,167,21,128
146,139,151
123,163,159
164,151
14,148,155
160,107,168,156
161,155,19
154,107
124,138,161
154,140,46,168,128
160,163,108
138,128
155,107
146,164,151,163,159,154
164,170
140,128
14,124,155,15,134
138,12
51,107,161,134
159,164,15,151
156,154,146,151
169,154,108,157
156,155,159,161
46,134
14,162,128
156,107
154,146,151
12,132
156,12
154,148,19
154,155,164,151
123,155,138,134
169,148
146,159,167,151
154,124,14,139
156,15
159,138
169,138,128
156,160,107
146,155,151
169,156,108,128
154,134,74
156,154,164,151
107,161
134,167
159,167
155,128
123,107,138
12,139,148,151,133,154,135
163,146,154,151
154,140,138
123,160,2
123,128
154,146,148,128,151
154,155
14,170,107
156,134
14,155,12
156,130,146,151
154,151
14,148
148,128
156,154,164
156,12,151
156,166,148,151
156,18
169,107
123,154,138
169,154,132
159,138,19
148,155
123,154,134,12
170,108
156,146,148,151
130,155
123,21,155,163,156,19,161
123,51,156
154,128
148,155
161,12,128
155,51
155,107,129
154,148
169,154,146,21,151
155,124
21,167,12
156,154,140,164,151
154,164
154,159
154,26
169,12,164,155,151,138,159,156,154,124
156,169
130,138
154,135,128
163,155,139
134,155
169,2,170
169,74
169,154,134,159
169,154,140
154,128
146,151
154,146,155,15,151
156,146,151
154,128
154,51,138,128
51,161
169,154,134
123,134,161
164,161
154,12
154,124
157,46,161
123,156
46,107
157,128
146,155,151
154,146,151
154,45,134
156,161
123,170
154,124
169,139
156,130,140,155
154,140,129,157
170,138
123,139
46,162
160,12
16,163,107
139,146,155,151,156,154,124,161
133,159
154,163
169,138
50,25
123,2
164,155,151
164,155,19,151
156,154,155,128
156,124,18,148
146,159,151
156,154,26,107
166,140,51
156,148,12,128
50,25,108
156,154
169,154,130,140
164,151
161,128
157,155
154,135,128
154,148,15
171,107,128
154,134,155,19
169,154,124,135
157,130,2,132
154,161
123,159,129
170,128
123,161,135
155,128
146,151
154,164,151
170,151
160,158,173
156,163
25,124,161
170,138,128
159,128
154,159,128
123,2
160,163,148,159
146,151
124,134
138,128
169,154,159,135
16,154,46,107
130,155,138
123,21,128
138,161
134,26
156,136
161,128
134,161
169,124,138
134,168
154,124,159
154,159,4
156,148
154,158,139
123,148
159,128
160,167
154,134
154,159,132
159,138
134,161
50,154,155
154,140
169,159
154,159,12
154,130,161
130,148
154,151
163,129
12,136,148,155,157,129,128,154,161
154,159,162
130,159,21
155,139
155,15
146,159,151
156,134,51
134,21,128
169,15,107,131
25,155,173
154,128
156,157
134,129
155,164,151
134,155,128
161,21,135
169,12,160,128,154,130,161
154,148
156,130,134
140,170
124,138
133,108,161,135
154,164,151
164,148,151,156,154,124
156,107,169
154,2,135
134,128
155,15,107,174
14,159,128
156,140
169,155,156,154,124,161
12,155,164,148,151,128,156
123,2,170
146,151
154,168
169,154
12,155,107,134,156,130
160,21
156,138,135
159,107
156,130,134,135
156,130
157,139
134,135
154,163
170,134,107
124,15
107,167,135,128
170,128
161,134,12
154,128
159,146,18,151
154,12
161,128
154,130,134
15,135
123,108,139,132,155,151,157,163,166,159,128,154,130,161,135
139,160,129,74,45,15
156,140
154,164,151
154,124
155,168
123,14
154,26,161,128
107,161,138
123,138,161
157,128
163,164,134,151
123,154,130
156,15
163,164,151
124,155
155,138,128
155,140,164,167,151
154,140,51,159
169,14,156
124,159
157,159,151
156,134
74,108,2,51
136,154
154,170
2,170
107,19
154,130
159,128
123,2,19
148,151
156,160
154,134,128
156,154
156,130,134,132
160,169
146,151
156,134
154,124
156,162,51,134,108
74,146,158,151
169,164,155,167,151
140,138
169,154
25,159,161
156,154,148,170
156,138
164,18,151
154,173
156,154
156,154,124,131
130,124,159
154,124
154,124,12
134,107
156,164,151
154,130
157,154,155,135
156,157
157,12,129
156,160,134
146,159,107,151
169,164,151
134,161
134,161
154,140
164,151
156,130,159
51,12,155,156,161,135
155,148
154,146,151
169,133
156,140,51
107,172
155,151
156,155,18,19
169,130,138
169,18,108
107,138
170,128
154,162
148,151
168,12
124,155
14,155,173
155,128
148,107
16,128
132,129
154,124
148,155,151
156,151
154,134
169,135,128
154,167
169,155,159,74,124,15
124,161
124,155
155,12
156,148,169
154,163,161
123,134,128
154,134
154,159,135,128
154,124
107,172
161,12,162
171,26,107
123,134
136,154
155,138
148,15,162
130,26,161
51,128
154,138
51,167,12
130,140,12
154,130,140,135
154,164,151
154,168
156,130,2
156,107
163,138,161,128
156,107,173
156,154
148,155
156,146,148,151
154,140
74,128
155,128
123,156
156,134
161,154,12
167,12,160,159,128,21
146,151
123,169,108
154,12
169,51,170,12,139,136,155,166,138,156,154,130,124,161,174
154,164,151
123,2,159
154,15,128
136,161
156,25,134,160
154,124
123,155,18,19
134,138
154,138
154,134
160,51
155,21
148,107,151
157,25,128
169,51,21,146,155,107,154,151,166,156,74,124,161
161,128
156,159
124,134
154,124,157
160,51,107
154,138
159,124,107
154,140,107
154,134
169,136,107
154,15
154,132,128
159,161,168,167
155,161
15,139
123,161
154,12,128
154,173
156,140,148,169
159,12
130,134,155
154,134,128
163,2
154,148,155,12,135
169,124,161
169,154,134
169,74,124,135
156,14,15
154,146,164
161,130,140,148,156
167,148,107,163,154,161
123,107
134,128
154,146,151
154,12
169,14,154,124,161
136,138
155,128
156,148,155
156,170,151
169,154,130
169,164,162,151,15,19
155,26,161,129
140,159
159,12
170,107
123,154,140,161
156,148
155,128
169,14,140
18,107
146,148,151,159,128,154
156,134,107,12
169,154,135,128
155,151
154,167
156,140,107
124,12
130,124,174
163,148,155
123,155
148,15,155
156,138
136,19
154,138,161
161,155,12,135
156,140
169,138
159,139
161,134,19
154,140,161
163,15,161
107,161
154,155,107
18,128
163,19
164,139,167,151
164,151
134,128
156,107
74,134,107
159,107
156,164,151
169,74,134,159,156,154,124
156,154
154,130,46,135,128
169,74
156,166
25,134
139,162,128,156,154,19
156,15,138
154,46,128
155,128
154,124,107,21,167
154,26,129
163,132
138,161
154,130
163,148,164,151
163,167
154,107,138
154,139
161,128
148,151
156,128
154,128
156,163,148,159,134
156,160,107,128
46,167,132,164,151,160,134,168,128,156,154
2,132
154,148
154,155,19,128
161,128
169,123,12
123,134,128
74,164,15,151
123,135
107,154,170,26,12
156,154,148,138,161
46,155,159
154,12
157,161,135,128
154,15
154,107
154,134,128
123,12,155,163,128,154,130,161
154,151,164,128
169,130,170
130,135
146,161
169,50
123,134,161
148,155
164,151
156,155,107
155,151
154,155
154,128
123,146,107,151,156,161
148,128
154,138
156,135
130,155
51,162
123,134,161
154,74
154,164,167,157,151
170,19
134,138,148
12,135
107,168
156,12
134,155
148,164,151,156,154,15,161
140,157,25,170,161
155,128
154,148,161,12
170,107
154,128
12,128
154,140,14,128
156,155
163,128
130,161
155,164,151
12,16,139,155,107,157,140,134,159,156,15
123,2
169,25
154,15
169,108
154,107
160,15
154,124
169,139
161,15,19
154,51,107,124
157,159,128
154,139
74,148,12,151
134,148,128
155,173,135
154,170,107,128
157,124
12,128
169,129
154,134
160,164
160,128
161,128
148,155,12
146,159,161,151
123,2
164,151
123,163,2,21
136,154,124,148
169,154,124,138,155
123,134
130,134,155
161,12
26,12
154,124
156,130,2
146,155,151
156,148,159
129,135
156,14,25,155,45
154,135
155,129
154,134,138
154,161,128
16,134,15
123,156,148,128,151
159,135
154,130,51,26
14,107
159,12
123,160,108
154,108,135
156,12
130,155
163,140,107
154,124
154,45,12
155,107,128
154,130
148,161,151
14,25,12
154,155,173
156,148
155,139
51,26,140,128,156,154,18,19
154,19,128
123,155,167
156,154,128
154,161,128
154,135,128
160,154,134,128
123,135,128
12,164,155,107,140,133,16,154,130,135,160,163,157,159,51,146,134,128,156,15,161,139,158,151
146,151
158,140,128
124,155,107,167
16,128
154,124,159
154,155
154,155
154,164,151
123,128
74,124
2,128
154,130
161,19,128
169,140
154,134
138,161
161,12,169
16,154,163
123,2,21
154,164,170,128,151
156,146,151
163,46
14,154,170
154,134
154,138
156,129
148,155
154,140,157
74,139
146,155,151
154,130,155,159,128
156,155,128
164,151
156,154,12
161,128
14,154
159,129
123,160,2
136,154
154,18,12
123,2
161,21,128
156,130,124
156,26
154,164,151
148,159
154,124,161
124,161
156,130
169,12
154,161
169,2,161,124
123,155,18,132
169,14
154,148,26
155,138
160,154,140,148,155
156,128
46,162
167,12,156,136,107,151,163,157,134,159,168,128,16,130,161,135
74,146,129,151
161,128
154,155,26
146,164,151
124,159
51,134
155,139
154,134,151
146,148,164,151,140,128,154
154,128
130,155
130,159
163,21
161,12,139
154,129
169,12
155,164,151,134,130,161
169,146,151
51,15
2,26,107
134,167,21
156,151
140,18,128
163,46,129
123,130,12,128
169,140,134
164,19,151
21,128
154,128
12,146,155,151,140,134,156,154,161
134,159,12,167
146,155,151
156,146,148,151
154,151
123,2,170
156,159,128
159,161
154,124
154,148
154,140,148,151
74,15
26,107
25,170,107,138,128,161
154,135
134,161,139
123,167
154,107
161,128
155,107,138
156,146
123,107
154,130
170,148,15
154,2
169,134,107
50,108
46,134
21,12
135,128
154,164,151
163,155
138,128
170,107
51,155
108,155,140,133,129,154,130,135,123,25,148,163,19,51,146,134,128,156,15,161,139,151,74
154,146,151
156,136,12,128
159,130,107
156,21,108
154,146,151
156,140
123,169
138,129
155,107,128
161,132
154,146,159,128,151
134,159
156,148
123,154,159,128
154,46,74
156,12
154,107
124,155
158,134
156,169
123,135
130,161
138,132
124,155,161,139
161,128
154,132
155,164,151,133,134,156,154,18
159,128
169,148,128
158,168
74,2,108
12,128
12,128
154,46
146,159,162,151
124,155
154,124
154,51,19,135,128
46,167,139
25,51,107,161,128
170,12
123,151,156,128
161,135
140,108
155,12
156,25,12
107,18,12
163,148,164,151
134,159
155,107,138
154,159,128
123,154,51,169,128
154,124
156,154,134,12
74,134
154,140,167
156,138
155,128
154,130,128
154,128
154,130,148,128
138,161
156,134,128
156,154,155,161,108
140,155,159
154,146,151
166,148,155,12,151
123,139,146,155,151,160,140,134,159,138,128,156,135
139,148,107,162,151,163,140,134
50,108
148,155,151,157,166,154,15
164,151
123,2,26
107,128
26,154,134,138,156
156,148,18,128
138,135
107,168
156,130
154,130,51,107
123,2
156,157,140,107
156,130
156,107,128
155,161,151
163,130,161
154,124
156,129,128
157,146,159,161,151
154,161
138,161,132,151
107,15,173
163,128
124,135
148,159
169,107,132
154,146,151
155,128
16,160,134,107,168
12,154,134,138,156,74,124
154,134
16,167,129
154,148
154,170
140,148,135,139
161,128
123,128
140,159,139
161,128
136,130,155
169,139
133,154,2
158,140
169,139
170,26,51,155,148,134
154,155,15
123,134
154,131,15,161
156,134
155,107,138
154,162,151
46,129,135
163,2
169,26,12,132,171,155,107,157,14,134,130,159,129,128,156,154,45,124,161
169,154,140,21
123,155,128
74,135
140,124,161
154,134,128
155,148
154,148,170
164,146,148,155,151
169,134,161,129,135
155,18
156,151
156,154,160,107
123,154,130,167,135
156,170
166,146,2,155,151
169,25,155,138,154,15
154,164,151
157,107
156,107,161
169,134
146,159,151
134,138
156,148,151
156,154
123,2,108
154,140
154,146,148,155,151
123,136,128
156,155
130,128
146,151
12,155,140,134,128,18
134,135
154,134
140,135
148,155,12,18
154,107,168,128
156,168,107,129
164,155,151
155,12,108,128
139,128
155,148
18,128
130,12
155,138
154,161
156,148
156,128
74,124,168,108
140,155
138,154,155,26,129
159,12
163,148,128
155,138
124,159
159,132
146,155,151
140,161
14,140,148,154
156,169
46,128
156,107
156,108
146,151
156,154,159,139,128
140,167
157,170,138,18
170,128
163,146,151
154,146,155,151
154,130,128
124,26,134,155
124,107
159,139
163,148,107
169,154,15
156,164,151
123,169
154,15
169,155,15,107
164,151
155,154,164,170,151
161,14,155,148
12,148,155,133,159,128,156,154,130,135
146,155,151
156,161
138,161,132
169,154
164,151
25,163,134,138,45,161
156,148,128
154,163,134,161,108
140,12
2,159
12,128
157,130,161
46,2,128
12,128
169,124,138,107
156,154,128
46,164
169,134
154,155,12,124
50,130
159,148,155,12
140,134,51
74,170
140,159,128
156,12
140,128
148,151
156,140,138
148,161,151
123,21,155,19,51
156,154,164,151
154,155,108,124
156,173
156,148
156,123,134
156,163
146,151
146,148,164,151,163,159
155,107,159,168,156,15
169,154,45,129
15,107
123,163,2,26
169,170,12,168,156,15
159,135
154,134,128
169,154,130,124
157,159,128
160,164,107,18
123,46,51
154,107
154,164,148,151
51,167
163,146,51,151
154,128
156,18
156,158,138
156,14,134,107
159,134,15,155
157,12,128
154,128
123,169,108
156,155,151
123,167
155,134,128,154,15,135
140,155,128
50,160,169
134,132
156,140,155,129,128
170,107
170,164,132,151
124,159
154,18
124,155
154,140
161,12,146,164,155,151,128,154,15,21
154,132
74,130,124,154
136,146,155,151,130,124,161
156,159
156,146,151
156,155
164,148,155,151,154,135
140,12
163,128
154,155,15
161,128
154,146,138
138,161
123,107
156,155,107
169,154,129
133,154,124
74,134
169,15
156,107
154,134
157,124,161
169,15,167
154,138,161
154,51,161,128
140,155,128
154,124
154,140,155,107
74,154,18,15
154,167,21
148,15
156,138
151,155,164,128
156,107,169,167
123,170,156,128
154,12
14,154
146,164,159,151
130,134
154,132
157,135
25,134
154,128
74,164,151
155,128
156,140,148,135
146,151
74,18,12
169,167,155,164,151,157,156,154,18,161,135,4
154,164,151
161,128
123,166,154,155,151
154,128,139
157,130
123,170
123,134,107,46
154,164,151
164,159,161,151
124,170
15,12
168,135
163,155
155,138,156,154,130,124,18,135
124,139
163,151,128
123,12
160,134,170
156,160,128
171,129
154,134,161,129
148,155,151
154,155,134
50,154,108
156,128
164,151
130,140
146,159,151
154,173
163,12,128
130,159,128
156,166,169,151
12,136,155,164,151,128,154,15,161
136,146,164,151,138,154,130
154,155,135
51,155
124,138
148,155
156,124,12
156,138,128
169,164,151,156,154,161
169,140,129
74,51,167
154,146,151
156,140,132
123,2,108
130,128
156,128
16,139
51,107,161,129
124,107
155,135
154,159,138
154,164,151
154,134,108,128
156,107
123,161,156
25,14,168,173,156,124,15
155,128
164,107,161,128,151
18,21
156,160
169,74,159,15
107,135,128
12,155,107,164,140,133,129,16,154,130,135,148,160,157,163,159,51,136,146,134,128,156,161,132,139,151
169,139
146,164,155,148,151,154,124,21
129,174
163,128
14,154,18
14,154
156,12
156,12
135,128
156,134
155,107
156,25
123,128
148,12
167,128
154,138
154,140,128
136,163
155,138
154,128
164,159,128,151
123,134
169,51,107,128
154,130
171,132
130,134,170,128
159,26
146,151
46,164,162,151
134,159,129
154,124,161
156,134
155,26
154,161,128
123,160,2,26
155,128
129,135
123,163,148
154,124
154,140,21,12
169,154
156,51,161
156,146,151
169,107,134,156,154,161
154,146,151
45,138
154,124
140,159
169,128
169,170,135
156,107
21,12,132,158,162,2,134,159,128,154,130,161
155,134,138,107,128
169,124
159,108,128
154,130
159,124,26,148
154,140
140,12
169,124
169,14,161
154,107,128
74,151
123,169,156
46,12,164,155,107,140,129,16,154,130,135,148,157,163,159,136,146,134,128,156,161,139,151
148,155
156,130,124
123,156
169,139,19,128
164,12,151
124,170
154,164,151
154,12
2,21
164,151
51,128
154,107,128
154,134,128
140,148,128
140,12
156,155
130,148,155,161
163,128
51,15,124
146,148,151,156,154,21
160,12
169,124
159,161
156,154,51,161
74,146,151
156,138,139
169,164,151
159,107,128
123,169
146,21,151
157,135
154,128
163,168,128
140,155
154,130,2
148,155
154,134
156,107
156,12
156,146,151
136,154,12
156,107,19
123,155
148,155
124,159
134,138
156,164,151
134,128
154,130
163,107
155,148,164,151,140,128,156,154
134,155
156,140
170,155
161,159,12
140,128
169,2,26,108
156,46,161,51,128
154,124,107,148,155
130,128
159,132,128
154,130
46,107,19
130,107
151,157,146,128
134,164,151
123,107
159,128
74,164,167,151
156,124,169
14,124
169,154,164,151
154,12
155,164,151
123,25,169,156
130,159,128
139,146,159,154,124,135
156,134
156,154,164,151
167,16,151,168,159,156,21
146,155,161,151
130,134,128
46,159
140,107
161,154,12,156
156,164,167,151
146,151
161,148,164,15,151
154,25,164,151
138,12
138,128
154,148,134,128
134,138,161,12,155
156,124,167
157,12,128
154,148
134,161
154,124
25,140,19
156,162
154,124
159,107
159,167,128
46,161
156,154,2,16,134
155,138
140,18
146,164,151
156,132
156,46,139,26,128
154,155,107
154,140,159,129
156,168
156,148
108,128
74,18,108
155,128
134,138,161
160,157,154,128
154,26,168
171,138
156,128
154,15
123,46,12,136,146,155,148,164,151,134,159,138,128,156,154,130,135
154,107
163,12,128
154,12
156,130,2
2,15
124,18,148,155
154,2,164,151
169,154,161
154,135
154,124
155,148,107,128
130,124
163,130,138
74,130
154,51,162,128
146,151
161,128
157,154,159
156,167
154,170
154,138
146,151
164,155,151
2,12,128
155,15,107
136,154,156,128
140,134
154,146,161,151
169,154,12
156,154,15,108
138,161
154,140,2,128
25,170
123,164,156,151
156,159,155,138
154,12
140,138
154,124,164,151
140,148
123,154,148
154,124
164,155,151
140,15
154,134
134,159
140,107,161,173
14,124
156,140,124,107
154,146,151
155,124
154,128
146,151
156,14,154
154,130,128
156,154,135
123,124,151
156,154,146,151
169,50,174,139
156,130
159,161
124,26
169,154,164,12
123,169,26,12,132,139,74,136,155,164,151,157,134,129,154,130,124,161,135
156,148,107
124,170
164,151
19,108
148,151
136,154
155,15
140,170
134,170
146,155,151
51,128
156,154,128
154,139
154,124,134
14,159
134,107
2,159
138,161
148,161,151
51,167
169,146,148,107,151,159,128,154,15,161,135
164,139,12,151
163,12,128
107,128
154,140
2,134
140,155,138
154,155,161
157,130,140,12
160,46,168,51
123,170,159,128,154,19
155,167,148,124
164,12,151
154,164,151
154,128
130,129
154,132
170,107
169,12,148,128,156,130,161
140,155,135
163,161
156,107
138,128
154,124,161
134,15
130,140,161,129
139,155,148,107,2,128,154,161
130,155,161,128
50,170,146,164,155,151,134,159,156,154,124,161
154,130
123,163,2
168,107,129
155,12
154,128
123,2
14,148
123,26,129,156
14,154
169,161
148,12,135,128
154,164,51,151
169,154,124,170,12
146,155,151
169,2
136,154,148,161
156,124
156,154,140,19
159,15,161
155,12
74,146,161,151
154,130
148,151
140,170
169,146,161,151
154,146,21,151
164,155,151
16,146,130,161,151
161,12
74,167
154,157,128
51,12,108,163,154,19
154,130,124,134
154,140,128
154,161
156,155,157,16,154,161,135
154,124,139,131
123,74,170
154,164,151
156,154,140,2,21
146,155,151
161,154,12
154,148,18
163,154,51,26,128
154,134
123,2
51,107,155
134,164,161,151
140,12
156,14,154,155
155,138
154,128
154,140,107
166,164
14,51,128
154,130
170,129
51,12
156,157,154,155
130,159
124,170
158,128
163,146,151
123,2
16,159,156
156,135
12,155,148,164,151,154
128,139
169,124,129
46,51
124,159
169,12
156,154,130
170,167
155,135
164,151
161,128
154,170
123,2
154,108
155,128
133,170
154,130
156,155
146,159,151
156,154,170
155,128,156,154,15,19
169,12,148,18,107,155,160,156,154,124,15
154,26
156,155
163,134
156,14,128
123,2,169
154,140,51
12,151
156,161,128
154,12,128
155,151
154,148
2,159,134
169,12
154,139
156,146,169,129,151
156,158,168,167,128
161,128
123,25,108
154,12
123,134
123,107
25,170,26
14,173,128
155,164,151
169,133,107,129,51
154,21,19,128
168,161
26,12,164,155,148,151,128,154,15,19
154,15
146,151
146,151
136,148,155,151,163,159,129,154
160,130
163,128
158,140,163,107,154
124,161
169,167,12,163,131,138,156,154
163,134,161
156,14,124,107
154,19,128
154,148,128
155,107
155,157,138,129,128,154,130
107,135
156,148
154,107
130,140,155
154,128
166,155,164,151
155,151
12,155,107,140,133,129,16,154,130,135,160,157,159,134,128,156,15,161,132,139,158,131
123,128
45,124,135
14,140,155
146,124,167,148
155,19,51
154,155,128
154,138,128
148,167,161,151
156,169
123,159,107
163,140,128
154,132
154,163,128
169,154,135
146,51,155,151
169,140,107
123,25,148
164,151
12,132,128
154,134
123,14,2
156,148,151
157,154,164,167,151
154,128
154,161
146,151
130,135
169,12,155,134,154,130,124,161
154,168,128
164,151
154,134,128
146,167,128,151
123,163,2
156,146,151
156,138
134,155
130,155
107,167
140,12,128
161,130,146,169,151
123,163,2
146,107,12,138,151
154,130
159,107
156,124
123,130
154,155,26
46,155
74,128
154,124
18,107,138,128
123,171,164,155,151,156,154,124
154,155,12,132,139
156,164,151
169,124
148,161
51,107,139,128
14,148
163,26,161,128
154,134,19,128
156,124,107,12,169
166,139
161,154,12
170,26
123,133,128
156,14,160,155,129
154,155
169,163,134
156,154,151,164,128
130,155
154,124,159,18
155,128
154,124,161
154,134,161
140,170,26
169,135
163,140
74,124
154,21,107,12,51
146,159,151
154,2
134,138
159,128
134,128
155,151
155,134,138,12,139
130,155,128
156,154,138
134,128
154,138
156,107
154,146,45,151
133,161,129
14,154,148,155,129
156,154,140
156,12
169,161
123,2,135
154,161
169,124
14,170
154,134
123,51
154,124,155
163,128
154,148,51
161,140,12
124,134
124,170
154,146,155,151
154,138,4
124,139
164,151
164,155,134,15,139
154,140
155,18,168
138,128
154,164,129,151
156,134
169,46
163,130
154,26
155,107,128
154,124
123,169
146,148,164,151,156,154
154,172,135
138,129
14,130,162
155,173
156,130,12
162,159,135
130,134,161
130,155,128
155,18
154,128
156,151
148,161
156,140
134,138,161
155,107,51,128
157,151,164,161,128
157,130,138
155,12
170,107
14,46
156,155
160,14,107,129
154,146,151
164,151
169,136,129
107,168
156,164,151
154,159,148,15
107,161,128
156,138
166,154,155,12,151
160,140,155
124,159
154,12
14,154
156,129,135
107,161
123,134
124,159,168
169,138
157,134
154,168
154,107,128
156,148
154,128
154,128
154,124
156,138
134,138
156,154,164,128,151
154,124
160,123,155,159
146,159,161
130,161
154,170
51,107
164,18,151
148,161,151
14,74,157
157,154,148
156,15,107
169,124,167
156,155
134,107
74,159,128
156,138
156,130,128
12,151
123,134,26,148,128
154,128
134,161,135
154,108
138,135
46,167,51,163,134,21
132,108,155,134,128,154,161
138,161
169,128
154,138
155,164,151
156,154,128
123,128
169,170,138
169,146,19,151
12,139,146,151,134,154
154,25,107,135
161,138,19
146,151
123,170
123,154,128
14,128
156,107,138
170,15
14,107
164,151
148,135
130,128
156,155
154,124
124,12
123,2
154,140
154,148
154,140,107
155,138,173
154,155
123,160,2,169
124,155
14,18
169,14
154,134
154,124
130,46,134,51,155
164,151
154,128
155,164,107,140,133,154,130,135,123,25,148,51,136,146,134,156,161,170,26,132,139,151,124
130,161,135
159,151
169,155,134,159,138,154,124,135
51,167
157,12
51,107
16,154
130,155
151,154,146,128
169,170,107,167
154,124
123,2
156,154,146
148,155
138,12
164,151
154,159,21
146,151
161,134,21
157,128
154,167,21
140,107
154,140,107,12,128
154,168,135
156,154
161,128
156,140,128
154,124
163,139
169,155,108
155,26
154,124
140,128
156,170,159,19,128
140,15,107
140,134,161
154,130,128
124,138,155
154,140,124,51
161,128
156,164
18,128
154,25,134
156,12,128
134,128,139
156,164,161,151
154,128
19,107,12
156,159
2,107,155
160,124
154,135
14,18
129,128
154,128
154,130,139
154,131,18,129,128
134,155,12
155,107
148,159
154,128
156,148,151
161,128
156,130,148,12,169
164,151
134,12,139
154,159,124,107
154,134
169,146,124,138
146,151
157,15,168
148,159
156,134,161
167,148,128,154,21,135
134,155
156,134,107,128
146,151
148,155
156,148,12
154,148,18,139,155
123,2,171
156,148
169,155,14,134,156,154,124,15,161,135
161,159,12
154,133,161
154,158
146,151
157,146,148,151
146,151
138,168
154,140,135
16,154,128
163,128
51,26
154,140,131,159
146,159,21,167,151
130,135
154,107
154,128
154,128
134,162
123,2,155
165,12
146,151
124,107
124,155,107
169,155
134,128
156,154
15,139
157,163,128
161,128
140,131,161
134,155,15,139
154,148,26,128
169,146,151
154,140,161
163,12,151
157,12
154,133,2,128
14,148,15,162,128
154,108,128
154,130,124
156,140,161,129
162,26,129
14,130
148,161,128
146,155,151
148,159,151
156,154,160
164,151
46,155,128
154,148
154,134,170
74,159
15,107
156,154,167
14,128
154,134,26,173,157
124,170
156,154,130,167
159,12
107,12
160,154,167
159,128
169,108,155,107,164,151,156,18
169,157,25,154
134,159
156,160,134
164,151
154,26,151
107,128
170,12,146,148,151,163
156,161
154,135
157,128
154,130,140,128
156,15,107
169,167
154,140
156,157
163,12
146,155,151
154,134
130,155
154,134
155,107,15
146,155,167,151
140,12
123,2,161
154,134
154,107,167,135
154,151
148,155,128
138,135
123,155
154,130,124,155
154,139
156,154
123,107
160,154
155,12
163,148
156,130
167,148,155,129,128,130,15
155,164,151
130,161
155,164,161,151
123,2
154,124
154,164,151
168,128
154,138
156,161
74,139
156,146,159,151
146,170,128
154,12,128
156,124
154,131
163,164,159,151
123,169,146,151,128,156,154,15
138,161
169,26,107,138
74,108
123,134,148
155,26
154,138,151
146,161,151
156,154,138,135,128
157,151,128
156,160,15,12,128
156,134,107
146,148,151
156,170
154,128
156,14,148,15,135
169,14,26
164,130,124,170,151
154,161
159,128
169,154,138
154,161
154,130,2
124,159
163,158
16,154,163,156,128
156,140,151
154,130,133,161
155,18,135
154,2,128
130,170,155
161,51,139,164,155,151,166,156,154,124,21,135
169,12,2,129,128,154
146,155,15
154,148,151
170,138
148,155,19,151
123,107
155,164,151,166,138,159,128,154,130,18,19,135
154,140
154,138
163,155
148,151
154,167,129
123,154,155,12,132
157,45,129
154,130
154,155
146,15,151
140,155
156,154,128
159,128
156,134,107,168,128
140,107
155,168
151,164,155,139
123,2
123,45
154,2
156,158,15,16,107
123,45
154,134,135
154,128
159,128
161,154,12
156,154,107,128
123,158,2,134
157,138
154,128
156,138,139
156,108
14,140,159
154,170
159,26
169,155,107
170,139
123,2
123,155,108
156,107,128
163,161
169,146,151
154,128
136,128
46,162
154,164,15,128
154,128
154,129,128
154,130,51,167
134,19
148,155,151
154,134,138,128
167,128,139
154,135,139
157,140,19,154
74,164,26,14,151
161,135
136,128
2,170
148,155
156,154,134,107
154,25
15,19
124,159
124,134
146,151
156,135
154,107,161
166,146,164,151
140,155
169,154
156,128
123,2
156,140,46
123,2
154,130,138
148,155
169,123
154,134
159,161,4
159,107,135
16,158,155,160,157,163,134,133,129,156,130,135
51,146,155,164,148,151,14,157,140,168,138,129,128,156,154,161
169,168
155,19,129,128
156,154,140,138,128
146,151
163,154,107,12
154,46,51,128
140,155
154,134,135,128
154,124
123,170,2,167,21
46,155,107
169,46
123,2
154,140,128
154,135
134,155
170,12
123,107,134,138,156,161
154,155,138
154,140,15,128
169,146,151
156,128
170,138,12,128
123,107,161,156,128
154,2
156,155
169,14,51
163,134
51,155,108
169,74,140,161,151
123,154,15
123,163,2
154,173
155,12
154,164,161,12,151
123,170,132,160,134,138,159,156,15,161,135
156,135
155,128
123,12,164,151,160,128,154
156,18
156,148,124
169,170
164,155,151,157,128,154
168,138
156,154,138,135,139
156,128
134,107
154,157
148,170,162
123,170
156,139
161,128
156,139
159,155,138,128
154,19,128
154,128
146,159,151
160,134,169
123,163,128
154,164,151
130,161
136,134,128
136,154,148,161,128
154,124
154,138
156,154,130,134,46
162,128
154,155,128
154,128
154,170
169,51,134
155,15
123,154,140,2
156,51,155,128
14,130
155,151
164,151
169,124
154,124,138
156,138
123,138,161
163,128
130,161
157,140
138,107
156,108,128
123,154,128
134,159
154,155,124
74,163,148
170,159
154,138,12
154,12,128
148,140,155,12,139
154,124
50,26
136,155,134,128,154,135
161,138,12
154,124
134,139
134,138,155
154,128
14,146,159,151
155,161
156,15
16,159,139,128
156,128
123,134,155
157,134
148,155
156,129,128
130,128
74,146,155,151,157,140,128,156,154,19,15,161
154,155,168
146,155,151
123,2,169
154,12
146,155,151
154,148
148,155
169,74,151,166,159,154
156,51,138,128
154,140,161
156,154,124
140,2
160,15,107
14,171,170,107
140,159,128
154,15,161,135
163,151,164,128
123,161,169,128
156,146,164,161,151
154,124
154,146,134,151
161,19,12
169,123,171,12,154,155,148,164,151,163,140,134,133,159,128,156,74,130,19,161
160,154,159,21,128
155,170,132
154,130,161
123,2
157,159,124,138
148,164,151
169,136,161
169,2
108,129,128
154,161
157,128
134,161
156,128
130,161,108
155,161
164,151
146,164,151,156,15,161
154,161,132
146,155,151
136,154,163,135,128
155,151
154,134,139,128
154,124,161
14,146,155,151
154,107
170,159,128
169,124,18
163,130,12,162,128
161,132
156,124
154,159,18,74
146,155,151
154,148,15,151
154,135,128
138,135
154,124
12,128
135,128
169,148,19
154,130,161,128
156,146,151
51,155,12
25,134,107
124,161
154,134,161,135
154,130,124,161
140,46,167,161,148
107,138
154,139,135,128
156,2
155,138,107,128
155,138,12
169,154,168,129,174
154,138
123,108
156,130,155
154,130,135
154,108
157,130,155,12,154
156,138
12,155,134,128,156,19,18,161
107,167,162
154,138,4
156,154,134,12,157
156,154,146,107,151
25,124,170,107
107,161,138
140,107,161,128
169,134
148,161,151
154,128
156,148,15,161
154,134
134,135
156,135
164,161,132,151
123,15,107
140,155
161,135
130,159
155,138,12
156,138
140,155,107,128
146,151
154,167,132
134,132
154,146,26,107,151
136,154
154,155
123,2
154,128
74,12
154,51,135
123,169
154,124
123,155
146,151
154,155,15
154,134,15
159,139
134,12
136,154
14,170
155,166,133,138,156,130,135
154,159,135,128
124,155
25,170,159,12
45,134
161,159,12
169,128,139
140,155,12
140,161,128
157,128
130,155
155,164,167
154,128
154,164,151
156,148,161,124
156,164,161,151
156,148,139
74,134
169,124
124,159,135
154,107,14
160,161
169,167,139,154,124,135
166,155,135,128,151
163,148
45,124
170,130,155,138
146,159,151
154,155,26,107
16,154,128
140,167
130,155,135
163,124,134
130,161
123,15
130,134,161,19
156,151
154,124,134
123,163,128
156,151,164,128
163,161
155,15
154,107
155,128
156,148
154,130
130,155
156,124
156,140,128
26,148,155,107,156,124
169,107,160,154,124,15
157,140,128,130,18,19
156,124,169,135
157,128
134,124
169,148,151
156,164
2,21
146,159,151
154,15
154,108,128
167,108,168,128,156,161
154,155,15
158,140,155,138,18
154,26
123,168,156
74,140
163,140,21,167,161
161,12
169,14,159
156,19,128
74,134
148,155,151
51,107
158,128
156,140,148,155
154,173
156,134,155,161,128
169,139,107,134,129,156,154,130,124,15,161,135
14,154
154,134
169,14
159,135
138,128
161,162
169,134
154,124
154,148
140,134,135
155,135
156,155,162
156,124
159,128
46,26,129
123,167
154,128
171,15
156,12,128
157,155,151
46,12
12,108,132,155,128,156,19
164,159,107,151
134,159
2,128
163,134,107
154,134
155,138
156,154
156,159,12,135
159,148,138
155,167
74,124,12,108,174
123,154,139
156,148
169,154,51,107,167
148,159
14,134
156,2
161,128
167,128
154,2
148,155
146,159,135,151
46,146,155,151
154,134,128
46,155,108,128
169,155,157,138,154,124
146,151,133,134,154,130,161
155,107,167,151
155,167
154,130,2,164,151
140,148,159
154,159,135
12,128
169,107
138,128
154,2
146,170,18,151
155,138,135
124,164,161,151
155,151,163,157,128,154
154,130
154,51
164,107
46,26,132,155,160,159,154
123,134,155
160,2
15,21
170,138,19
169,130,2,161
169,154,134
154,148
136,155,170
130,12
156,132
169,146,155,148,151,156,154,124
163,15
154,135
154,128
163,128
156,138
139,156,146,164,148,107,155,151,140,134,159,128,16,154,130,15,161,135
124,167
107,167,168
156,134
159,148,2
154,134
154,129,128
50,154,172,129,157
159,140,138,128
156,154,171,161,128
46,19,51
170,46,12,134,138,156,19,161
123,168
156,148
154,148
154,128
156,154,46,167,12
161,124,159,12
156,74,163
156,146,155,164,148,151,128,16,154,161
154,124
123,107
134,15
154,161
74,130,151
161,139
154,140,21,161
135,139
154,134
155,12
154,167,12
154,26
164,151
123,12,155,107,154,124,161
50,154,169
46,155
154,167,12
123,160,128
154,148,155,107
146,155,148,151,166,156,161
156,138
156,160,107,139
160,134
154,146,151
146,151
154,155,161
26,140,124,159,107
160,155,128
156,124
140,134
156,148
14,155,128
157,164,161,151
154,51,155,161,108
154,148,26,151
154,159,12
154,133,128
12,132,139,16,158,155,107,160,157,140,134,159,133,129,128,156,154,130,15,161,135
146,148,155,151,163,161
146,167,161,151
123,138
146,164,155,148,151,163,140,133,134,156,154
154,134
156,151
155,161
146,15,167,151
123,2,170
169,161,129
148,151,2,159,16,161
156,128
170,159
123,163,156,128
154,133
154,12
163,134,161
16,130
155,15,128
156,168,151
148,107
156,155
156,154,167,135,139
154,134
146,151
169,124
154,167,168
163,2
130,2,155,128
154,12
156,123,26
154,146,151
140,159,128
164,151,159,129,128,156,154,135
154,138
170,161,151
154,21
160,155,138
169,154,15,132,108
154,148,15,157,151
154,135
25,128
146,155,151
154,128
154,148
123,170
156,154,133
154,124,132
123,2,170
154,12,128
74,2
167,146,151,166,156,154
163,134
146,151
154,134,15
154,157
154,130
169,15
26,161,129
12,155,107,164,140,133,129,16,154,130,135,148,160,163,157,159,51,146,134,128,156,15,161,132,139,165,158,151
154,171,170,159,162
154,128
169,45,170,138,12
154,135
14,155
123,46,26,12,146,148,155,151,140
164,151
123,107,168
154,124
134,12
156,46,107,161
155,128
160,140,19
160,154,123,130,132
123,124
156,140
136,154,124
45,138
154,124,12
155,128
156,164,19,151
154,12,128
156,132
154,164
12,155,157,134,159,128,154
14,170
169,139
169,146,167,161,151
130,159
154,146,151
169,130,2,134,124
157,140,155,161
164,159,128,151
156,140,128
159,128
148,162,151,166,159,129,128,130,161
25,148,151
123,140,156,128
146,151
156,154,130,148,128
157,155,18
148,161,124
134,161
156,123
124,138,161
156,146,151
157,132
157,12
123,12,136,155,163,134,128,156,154,19,161,135
140,155,15,107,167
161,135
155,19,128
155,170
2,161
134,161
154,167
21,155,134,129,154,161
154,146,151
160,155,159
169,45
154,135
130,161
124,138
154,139
123,107,156,139
161,154,167,12
124,139
139,146,107,151,156,15
164,159,151
167,12,146,107,151,134,128,74,130,21,135
123,107
140,19
14,124
154,133,138
51,155
46,146,15,148,164,151,160,138,18,19
151,154,146,155,128
154,46,161,129,51
154,15
155,173
154,15,161
124,159
161,154,21,12,156
155,12
14,134,15,161
163,155,135,128
107,128
154,128
124,161,134,139
154,159,135
156,154
154,155,21,108
154,134,26
155,151
164,155,151,128,154,161
161,128
156,151
169,154,155,14
154,15,161,128
154,134
156,107
156,154,134,155,169
136,161
154,107,138,128
161,135
157,134
156,124,107
74,108
157,138
156,159,168
154,130,124
167,12,16,148,107,128,156,161
134,107
156,46,21,135
136,151,166,163,130,124,161
169,146,155,151
157,12
124,139
15,161
154,128
148,12
154,134
154,138
169,135
124,12
74,107,167
169,161
156,128
123,130,161
123,130,46,159
148,159
123,138,156
154,163,19,128
134,19
146,161,151
154,138
163,167,128
155,151
154,51,168,128
156,124,138,155
160,155
156,130,128
123,107
169,12,155,164,14,140,2,129,154,130,135,123,148,157,159,146,166,134,128,156,161,139,151
154,128
148,124,21
146,151
156,168,128
124,138
171,161
154,135,139
164,134,155,151
167,161
157,148
107,128
154,157,134,128,74,15
134,159
154,134,128
155,167
154,130
160,45,169
130,161,128
74,146,151
156,154,161
170,12
16,134
26,12,146,107,151,173,156
163,128
156,155
12,164,155,151,166,128,154,19,21
16,12
74,138,12
169,139,151
163,128
154,128
170,146,155,151,154,161
161,128
169,138,128
156,154,124
123,2,15
156,163,2
154,128
154,157
130,124
156,159,124,107,108
169,154,124,12
155,12,128
154,107
14,124,155
148,128
163,128
156,155,2
134,170
146,124,170,161,151
156,130,161
154,14,135
123,15,107
156,154,12
163,130,139
155,107,15,138
156,146,159,151
160,134
154,138,128
156,161
154,107
156,138
164,155,124
15,128
123,148
164,151,128,156,154,18,19
51,107,140,159,138,129,156
154,163,159
134,155,107
26,158,155,128,156,154
161,139
154,134
156,157
148,161,151
25,171
164,170,159
50,25,108,155,14,134,128
140,124,155
123,134,138
169,74,154,107
134,128
169,154,107
154,135
169,154,134,164,151
140,155,108
155,139
134,167
154,107
169,15,12
130,161,135
156,140,124
159,107,167
133,128
156,154,164,169,151
156,128
74,159,15,128
134,167
155,15
123,134
156,15,162
163,2
133,163,124
156,170
163,128
148,159
156,15,128
154,128
124,138,134
154,134
156,26,19,108,128
2,107
140,128
169,134
154,51,161,135,128
154,18,174
123,167,162
154,135
166,130,148,151
25,26
46,128
156,128
133,161,134
167,161
107,12,128
107,168
156,130,19,160
136,130,155
123,160
169,170,148,107
156,12
169,155,129
164,107,155
148,155
154,164,151
170,26
154,148,155
146,148,151
146,140,129,151
123,156
154,138
154,168
156,132
163,2,12
163,139,128
154,128
169,154,138,139
154,124
15,107
154,161
130,134
156,124
74,154,15
12,151
12,139,155,160,138,128,154
169,164,151
154,171,139
160,168,21
12,139
154,46
155,107
155,19,108,128
154,134
154,134,128
154,148
130,124,170,167
124,107
154,139
154,148,151
166,154,151
140,167,161,135
148,167,161,151
123,170
156,155
51,161
156,136
163,15
14,124
154,107,167
154,161,132
156,140
156,148
154,134
167,12,148,155,154,124
154,148,132
154,128
154,140
169,161,139
154,130
140,128
167,135
123,2,170
156,132
154,146,151
154,2
155,12
156,124
169,133,107
154,129
14,130
169,74,146,164,151
154,146,148,151
124,155
154,161
170,148,138
169,140
160,154,134,107
156,148,161
170,15,161
155,159
159,161
157,140,155,132
154,148,124,159,12
156,148,26
123,46,51,12,162,160,159,156,21
123,140
155,135
154,128
154,124,155
46,51
156,15
123,19
123,128
2,155,128
154,124
123,154,2
154,124,134
154,128
154,128
161,26,12,132
146,155,151
155,128
170,128
163,140
154,164,151
159,134,107
123,163,162
159,170,107,148
155,19
156,138
155,139
164,151
169,138
164,124,138,169,151
107,139
166,164,155,151
154,148,161,128
156,128
169,124
155,168
166,154,134,135,128
156,148
16,154,133,135,156
155,107
138,129,128
160,154,167,128
130,161
156,123,2
159,108
123,159,170,107,25
155,107
157,107,129,139
74,140,161
167,107,163,134,154,21
154,12,108,128
154,138,12
156,154,157
50,169
154,124,138
123,19,156,128
21,108
156,154,146,155,151
156,154
154,164,151
124,155
163,19
163,128
146,168,151
50,157,134
160,170,167
123,148
12,136,146,148,155,164,151,156,154,124
154,146,155,128,151
124,159
169,139,155,148,129,128,154
163,138
124,155,12
51,154,155,129,157
140,161
167,132,151
169,15
156,124
19,135
161,132
156,135
154,138
154,161,132
51,15,155
156,148
130,12,135,151
154,128
156,128,146,132,151
138,167,168
156,124
164,151
164,151
130,161
154,134
157,51
130,134,159,129
156,146,151
14,157
161,12
123,14,2
2,171
21,162
154,107,161,138
154,148,159,128
156,161
156,134
154,107,135
156,160,107
154,21,12
123,160,128
163,51
148,155,151
130,155,167,124
146,151
154,25,164,14,151
154,140
134,155,19
123,155,12
130,159
163,2
154,140
154,168,128
154,124,12
164,161,124,151
154,128
140,162
154,124
130,155,21
156,128
123,154,148,21,169
12,155,107,140,133,129,16,154,130,135,160,157,159,51,134,128,156,161,132,139,158,131
157,138
169,50,170,26,132,164,155,151,124
135,128
140,128
161,128
130,134,161
123,135
156,159
156,134,128
146,151
154,164,151
146,151,159,129,128,156
163,128
164,161
155,21,151
146,46,151
155,170
123,169
170,12
25,158,146,15,151,159,128,154,18,161
161,128
156,138
134,155
140,164,151
164,134,151
154,107,135
154,128
156,154,130
148,155
159,135
134,128
148,155
107,138
154,107,12
26,154,138,161,128
130,155
154,146,161,151
123,161
123,25,2
146,148,164,151,156,154
164,151
123,2,159
154,130
154,128
156,134,151
155,135,128
46,135
123,107
130,159,107
156,139
170,134,155,12
154,130
154,134
140,170
154,148,15,170,134
12,164,155,107,140,133,129,16,154,130,135,148,157,163,159,51,136,146,166,134,128,156,15,161,132,139,165,162,151,131
154,146,164,161,151
154,155,12
139,128
169,134
155,138,128
160,154,124,134
25,26,146,164,155,148,151,157,140,168,156,154,18,161
159,148,155,167,12
136,124,107
46,108
46,159,51
159,128
163,146,128
123,140
154,138,12
169,124,148,134
26,139
123,163,107
156,154,134,135
154,12
124,12
154,170,15,157
51,158,107,128,154,15,161
157,154,138
154,12
161,135
107,128
146,151
170,164,151,128,156,154
139,148,164,151,140,154
154,140,128
155,164,107,167,151
157,148
148,159
140,15,128
169,146,151
123,2
161,158,138,107
157,140
123,160
159,128
154,134,138,148,155
123,107
154,130,159,12,162
148,155,161
154,138,128
148,155
169,124
148,129,151
123,134,169
168,128
154,124,170
154,148
134,138
156,12
156,154,164,26,151
154,164,167,51,151
161,139
154,134
123,170
156,108
156,134
134,161
26,138
154,135
154,128
154,128
154,155
154,2
108,128
156,15,107
154,128
167,12,164,107,140,2,16,154,130,135,148,157,163,159,136,146,166,134,128,156,161,170,139,158,151
169,107
12,156,146,148,164,151,128,16,154,130
161,134,155,12,128
155,107
164,159,151
169,148,151
154,139
154,167
154,51
156,154,148,12,161
154,155,128
156,148
12,148,155,157,140,14,138,154
134,128
156,154,130,134,129
161,128
156,130,134,15,139
123,140,155,138
123,130,2
155,128
156,128
123,12,132,164,151,157,128
155,15
163,134
146,148,155,168,151
170,12
154,135
163,134
148,155,128
156,154,169
166,154,151
156,130
154,12
154,135,128
156,124
123,170
154,131
123,154
154,146,155,161,151
169,18,138,139
156,25,46,128
148,155
130,134,155
148,161
123,18,128
124,159
154,128
156,154,140,148
146,155,148,151,140,134,128,156,154,19,15,161
154,134,132
154,164,12,151
154,128
154,146,159,151
154,14,135
154,128
2,155
134,138,167
163,167
123,129
146,128,151
25,46,164,155,148,151,138,128,156,154,18,19
154,124,138
140,138
155,168,128
146,159,151
154,140,138
154,164,151
130,161,129
51,12,155,107,163,134
154,167
154,134
134,159,161
74,146,163,151
134,167
154,140,128
154,146,151
169,14,124
12,164,148,155,151,163,161,135
154,161,128
169,167
134,107
169,138
134,138
156,154,15,128
170,107
123,156
154,146,164,159,151
12,148,164,151,154,161
156,107
169,146,107,151,156,15
124,12
46,170,15,128
154,146,148,135,151
130,170,129
148,159
154,130,128
154,12,128
161,12
130,134
154,134
154,140,132
157,15,12
154,138,12
154,51,19
161,154,130,12,135
163,12
156,107
161,128
138,128
156,15
46,159,128
160,18
25,167
134,128
154,130,161,128
155,168,51,128
154,157
124,155
123,148,155,128
148,151
156,154,146,151
156,154,155,12
154,148,128
74,154,155,170,161
74,164,151
154,159
123,154,159,12
12,132,139,155,148,107,14,138,156,154,130,124,135
154,128
46,167,128
123,2,15,169
154,134
170,124,107,167
154,128
161,12
123,170
169,2
134,128
154,128
123,136,163,2,154,130,161,135
50,138,161
164,161
25,146,155,51,151
136,154,128
146,148,155,151
155,107
45,124
169,135
169,2
156,51,107,155
146,151
146,18,151
166,151
136,161
161,164,12,151
136,148,151
160,140,159,167
148,18,155
134,167,21
156,138
158,132
169,134
169,164,155,151,154,161
154,46,107
154,26
156,154,159
123,134,138
140,170,12
46,107,128
130,161
169,136,51
140,155,26
140,130,161
134,148
123,157
123,151,146,128
107,168,128
123,15
134,155
108,128
156,154,148
124,161
140,170,139
156,2
123,170,15,169
154,128
169,134,161
154,133,128
140,138,161,128
50,170,167
164,155,167,151
146,155,135
146,155,151
164,151
155,138
154,140,15
162,154,135
14,107
16,162,128
154,128
154,107,168
140,155,138,107,168
123,169
107,12
154,130,132,128
154,15,12,128
155,26
167,128
154,124
169,124
130,134
156,2
154,146,151
159,139,128
156,46,167
124,107
157,19,108,128
130,155
156,134,26
134,128
163,19,128
155,168,173
154,151,134,164,128
154,124
156,129
163,159
161,12
154,134
123,25,26
2,161,51
154,159,138
154,108,128
156,154,169
50,124,138
154,134,12
154,128
156,148
154,124,155
154,130
164,151
138,135
154,138,128
156,128
134,161
156,128
155,139,128
169,140,129
154,163,15,107
154,107
156,151,170,161,128
51,155
123,154,12
170,138,148
160,154,148,107
154,167
155,161
155,128
14,25,155
124,155,129
156,155,19
146,161,151
169,130
170,124,107,155
148,151
154,148
172,148,151,160,154,124
74,128
51,161
16,155
46,128
140,128
123,2
159,138
134,132
169,170,12,108
156,154,128
169,161
155,154,164,167,151
156,140,148
140,167
154,12
155,154,164,107,151
154,134
164,159,151
155,107,134
124,15,155
140,159
155,138
169,155,134,139
169,148,167
154,164,128,151
154,128
163,12
51,107,138
154,107,161,138,157
136,154,128
130,134,148,151
156,138
156,154,155,138
154,18,135
154,164,21,151
169,129
155,15
154,124,134
156,140
154,107,12,108
107,128
74,26,167
134,155
156,107
169,134
123,128
156,154,128
140,148,161
154,124,148
154,128
128,151
161,12,128
157,138,107
154,148
124,170
21,2,19,108
124,159
136,154,129,128
161,128
163,51
25,155
154,51,21
74,21
169,154,146,151
160,154,134,128
154,148,155,161,151
154,148
155,107,139
166,164,151
134,128
130,134,155,51
156,154,12
154,164,151
123,170,26
154,148,151
140,146,151
123,154,130,135,128
138,161
21,51,74,140,134,154,161,135
138,161,132
51,107,167
154,155,12,128
168,161
156,138
156,160
155,107
156,154,167
123,164,46,151
156,134
154,124
154,159,12,139
148,155,151,14,140,128,154,15
156,148,161,151
123,154,160,164,151
154,134
148,151
156,128
123,2
156,154,148,15
134,138
148,155
154,155,15,161,128
26,161,128
134,128
140,162
46,12
45,134,107,129
169,12,139,155,159,156,124,161
154,161
16,157,164,159
169,51,163,128,156,154,130,15
167,12,148,166,163,156,154,161,135
155,161
169,139
156,14,170,107
129,128
140,161,135
155,151
146,161,151
163,134
154,161
170,146,164,155,151,138,154
159,138
154,130
134,170
154,12
161,134,155,148
163,12
107,167,128
155,2,12,128
159,161,128
123,46,107,51
130,12
169,154,159
169,154,124
170,134,155
169,107
161,146,12,151
154,124,107,51
138,135
2,170
124,135
154,138,128
154,128
169,134
160,154,51,15,124
154,146,135,151
154,139
156,170
148,161
123,154,163,124
25,26,167,157,134,154
148,155,128
164,151
12,164,148,155,151,156
138,19
156,133
154,138,128
156,107
154,170,138
156,128
160,51,107
154,130
148,155,164,151,128,154,161
2,159
156,154,139,157
46,154,123,2,134
171,107
169,170
156,148
154,159,15
123,26
163,159,128
46,51,128
169,46,107,2,134,154,21
169,154,155
154,148,155
25,161,128
123,157,108
2,170
74,151
161,12
134,161
163,46,12,128
154,155,161
123,169,108,2,15,21
160,107
154,140,155,12,128
161,151,19,128
154,164,151
14,2,159
148,155
169,130
161,128
154,134
140,155,26,128
156,107,128
154,164,159,124,151
154,134,135
154,164,15,151
123,128
154,148,164,151
156,21
15,132
156,154,146,155,151
25,159
134,107,138
163,108
130,161,108
156,154,12,14,157
154,128
107,19,128
107,161
156,154,155
123,128
156,154,170,161,128
130,138
155,132
156,160,138
159,151
154,107
156,148,155
50,154,160,128
154,161,151
157,15
130,134
136,21,107,161
154,138,12
46,51
45,134,174
156,161
154,170,128
154,2
154,124,138,74
169,154,15
154,128
26,108,151,160,74,15
146,151
130,128
133,154,131,134,156
130,124,155,134
154,161
14,26
161,132
148,159,12
136,154,107
154,130,19
163,146,151
169,167,12,164,155,140,2,133,129,154,130,135,148,157,159,136,146,166,134,156,161,139,162,151,74,124
161,135
154,130
169,74,161,135
154,163
16,148,167,51,151
156,12
26,148,155,18
157,134
134,138
154,130,46,18
154,134,161
148,155
123,134,46
169,25,26,155,107,14,154,130,124,15,161
146,130,159,151
124,107
163,140
136,146,148,151
123,163,160,2
156,12,128
151,146,156,128
157,140,139,128
154,2,134
161,140,12,135
154,124
156,107
74,128
154,128
107,161
155,139
154,130,124
156,25,155,135,128
50,124,134
156,124,15
156,74
154,148,151
130,12,128
154,161,128
51,146,155,151,134,159
46,134,21,169
140,128
161,129
154,155,161,132
158,15
154,135,151
169,156
2,15,128
131,155,15,129,18
156,164,151
123,19
123,74,107
169,154,170,167
154,107,138
135,139
156,140
156,128
25,46
154,128
154,124
156,154,135
169,159
46,18,128
146,159,151
160,163,167,12
130,161,128
108,146,148,155,151,128,156,154
155,138
168,161
155,19
169,124
154,161
154,140,159,161,129
155,128
164,133,155,16
124,138,155
159,19
151,134,139
163,129,128
148,155
156,128
156,21
157,148
155,138,128
154,155
159,12
154,108,128
169,133,134
130,51,128
156,148,161,151
154,124,26,151
130,128
128,135,139
154,134
156,14,161
123,2
163,134
156,167,168
154,138,132,128
156,12
134,155,128
156,161,128
107,128
123,170,107,14,140,159,128,156
134,167
123,169,167,12,146,151,128,74
146,151
15,161
123,135,128
154,51,124
46,123,2,167
130,161
154,21,167,12,128
123,130
26,146,164,151,154,15
169,164,151,128,154,19
133,134
158,168,12
123,128
169,154,161,50,128
156,140,134,138
123,2,169,108
161,12
26,107
74,155,128
154,159,128
148,12
151,146,155,128
169,140
130,140,161
169,146,21,151
46,51
169,155
154,135
148,2,161,151
138,161
154,148
123,156
134,128
163,146,12,151
161,12
148,151
169,154,148,124
130,161,128
155,128
123,154,46,169
154,146,151
12,164,155,140,129,154,130,135,123,25,148,157,146,134,128,156,161,170,26,132,139,158,151
156,154,164,151
156,46,138
140,51,168,18
154,151
148,161
160,74,25,108
134,161,128
156,51,107,167,128
156,138
156,14,15
46,154,155,108
16,134
154,134
156,154,148
46,108,139
154,130,51,107
164,161,151
154,51,19
138,161,129,139
107,167,128
154,155,139
154,128
154,130,138
123,154,46
169,154,140,155
159,161
123,140,2,159
154,124
154,161
12,128
156,134
169,170,159
140,107
166,154,151
146,151
130,155
169,154,170
160,155,15,128
160,170
164,161,108,151
124,138
50,156
146,148,155,151
130,155
155,139
74,164,148,107,151,157,154
156,138
156,51,107
154,128
154,12
164,151
154,148,124
156,14,128
156,146,151
123,2,170,108
161,154,148,134,12
148,128
158,148,151
164,151
154,130,46,161
2,170
51,161,124
156,12
157,159,167,21
123,25
164,151
146,18,151
166,154,151
136,154
154,128
12,128
156,148
156,151
154,2,128
123,155,107,169
154,148
134,148
159,128
51,128
148,128
154,128
169,171,132,2,154,130
74,15
12,151
156,154,134,155,148
169,139
46,107,19,18
154,148
123,2
163,148
155,12
154,130
156,154,148,161,139
156,128
156,14,154,15
159,161
130,161
123,154,140
163,12,151
163,140,107,167
166,151
123,12
151,164,12,128
156,154,163
123,154,138,161,132
156,21
154,155
157,148,161
171,12
156,134
154,130
156,154,124
156,130
154,130
156,161,12,128
154,161,128
138,129
140,128
123,154,138
161,154,12
146,151,14,138,128,156,154,130
170,128
161,135
124,155
155,12
156,148
12,148,128,156,154,21
169,154,134,138,135
124,161
154,161
134,51
140,155,138,151
169,138
169,108,132,155,157,14,129
154,148,15
74,154,164
164,151
159,128
2,155
155,128
154,148,21,135,128
140,155,161
170,161
156,124,138
169,154,134
159,128
132,146,151,128,156,154
169,124
16,146,46,123,151
140,134
154,155,12,128
156,14,173
161,139
154,140,124
132,155,134,138,154,130
169,154
151,15,128
163,146,151
140,155,128
163,146,151
156,12
154,128
123,2
154,12
134,161
160,155,128
159,26,107
123,156,128
156,154,15,161,14
154,170
138,167
169,50,45,138
15,107
134,132
130,107
123,155,162,128
50,170,155,168,45,15
156,135
169,15
138,156,154,130,124,161
154,124
169,154,107,138
156,154,169
154,159
123,19
123,155,131,128,19,161
134,128
154,124,12
146,151
18,107,128
154,146,164,159,151
154,164,151
154,138
164,161
148,155
156,136,12
154,159,128
156,146,151
154,148
138,132
163,128
18,107,157,128,154,15
163,130,139
16,163,159,107,167
108,155,135
156,12
46,154,51,138
123,107
124,159
146,151
154,139
123,155,156,128
161,155,12,156
154,129
169,138
138,135
154,124,155
155,107,128
156,154,159,161,128
169,154,130,138
124,138
15,154,124,18,161,135
163,130,161,151
163,155,164,151
134,107,148,135,155
154,134
156,161
154,26,129,128
140,124,159
156,12
154,155,128
163,128
123,46,128
166,154,140
154,128
130,140,138,155
160,12
45,134,138
130,148,159
156,154,124
156,154,151
166,158,139,156,151
130,134
154,107
163,146,151
14,155,170,107
154,140
154,140,128
164,151
170,161,108
156,154,25,51,138
154,134,128
156,148,135
164,151
161,138,19,26
130,134,155,108
156,164,151
15,138
16,134
169,107
14,128
154,161
123,154,25,155,128
123,167,128
136,159
148,155
130,138
169,107
51,138,155
170,155
169,21,167,163,154,161
156,107
159,128
130,128
156,154,12
163,12
156,15,107
164,124,151
124,138
156,154,134,132,128
130,159
169,107
154,12
156,124
169,170,12,139
156,124
160,134
170,26,167,157,163,138,159,124
154,134,128
164,151
169,14,124,159,161
169,154,130
154,124,138
155,128
134,128
156,154,19,128
154,12
156,148
172,155,159,12
164,151
156,148,170,15,124
154,134,15
159,128
148,151
154,146,151
156,139
156,173
156,138
123,107
130,134
159,140,107
156,148
154,146,51,15,151
173,129
107,161
148,159
169,161
46,164
170,146,155,151,138,154
156,139
154,159
169,170,167,107,163,138,154
169,154,168,12
160,154,138
169,170
154,134,159,139
155,128
154,12
74,134,164,151
14,148,155
157,148,155
155,173
169,170,12,134,138,154
46,21
166,163,12,128
46,155
50,154,156
123,140,128
2,46,107,167
156,107
14,155,107
169,154
130,161
154,26,173
154,155,138,107
2,170
163,128
156,138
146,151
154,155,164,151
169,164,107,151
154,164,107,151
164,151
159,161
154,128
157,107
156,154,130,128
154,151,155,164,139
166,174,151
154,124,164,167,151
154,124,161
51,107,155
134,159,167,128
156,107
168,161
155,128
154,129
21,108,136,128,19,161
123,160
154,134
134,128
161,135,128
134,167
156,15
124,155
154,45,138,161
169,155,161
146,159,21,151
159,12
123,154,134,128
154,159,167
156,14,170,15,128
156,170,135,128
169,2,107,167
155,168
154,155,128
155,128
134,26
12,128
155,168,128
156,154,124
154,146,107,151
107,168
46,161
169,134
163,148
134,164,162,151
12,128
155,139,128
154,163,12
169,15
156,151
151,146,156,128
156,168,107,135
163,148,128
159,107
156,148,155
169,164,151
139,146,151,128,156,154
148,151,157,156,154,19
156,154,155,128
157,161
154,139
154,155,161
169,51
170,134,167
169,154,146,161,151
169,164,167,151
123,128
154,171,107
164,151
154,138
146,151
154,146,151
154,161
154,159,167
156,154,169,151
154,138
124,138
151,164,139
156,148,159
156,124
156,148
154,148
156,128
123,154
123,169
154,159,168,128
154,134
169,154,170,132,135
163,164,108,151
170,138
134,128
134,162
123,12,132,139,136,155,148,151,140,2,134,159,129,128,156,154,130,15,161,135
146,170,151
134,164,19,151
134,170
156,128
154,140
154,146,159,151
169,148,151,163,140,161
124,155
154,135
170,129
154,124
154,130,155,129
160,138
156,133
168,12
169,15,139
146,139,151
163,134
146,155,151
169,124,129
25,26
154,124
154,134
136,159
156,154,12,135,128
148,155
154,130,161
156,154,164,151
155,151
169,14
134,138
123,160,108,156
124,171
146,151
151,154,163,134,128
156,107,138,128
155,135
156,161
74,46,107,51
170,15,138
154,140,155
123,2,107
146,170,151
163,130
154,134,107,128
158,130,128
156,19,170,12
123,157,146,151
154,128
169,154
123,12
50,25,26
169,124,107
154,167
154,130
46,154,19,12
154,134,132
156,46,139
154,134
146,151,14,159,128,161
169,154,134,138
156,134,15,132
169,124,155
169,138
154,21
164,151
123,156
135,128
154,134,128
156,154,25,138
154,124
51,154,164,124,151
25,134,107,174
123,163,139
154,128
123,155
156,138,161,128
154,128
146,151
156,138,128
123,51,107
156,140,167
139,128
123,159,167
123,12,128
148,21
154,140
154,134
157,161
157,148,161
170,12,146,164,155,151,159,138,156,154,124,135
156,138
154,151
156,154,124,107
156,148
157,128
148,155
157,148,155
159,161
154,148,15,162,51
154,135
169,139
154,129
123,154,161
154,15
134,135
107,161
156,128
46,107
156,129,128
160,157,155
12,139,155,164,151,159,128,154,135
154,128
154,155,151
154,171,12
156,166,151
170,12,128
123,107
156,148,151
154,128,151
159,139
46,21,19,108
123,135
154,128
169,154,130
154,26
155,128
154,130
156,130
12,139
123,128
156,154,159
124,159,107
156,128
160,132
161,128
154,128
156,138
155,128
154,12
157,148,151
123,128
154,134,107
107,161
169,171,139
156,148,12,151
169,14,124,12
134,155
156,46
156,128
156,148,151
169,12
146,151
155,138
154,140
123,157,26,107,168
170,159,128
157,134
123,154,135
74,134
154,155
155,159
156,130,12
156,135
46,159
154,138
123,2,107
163,21
155,164,151
158,168,135
154,124,12
50,154,128
138,128
123,154,164,151
154,130,138
169,148,156,151
124,15,155
124,172
169,164,151,134,154,18,135
154,134,128
161,12
154,134
14,45,155,154
163,15,21,128
51,134,135,128
156,167,21
25,138,167
169,154,50
163,148
124,155,12
170,146,155,107,151,173
160,123,129,135
154,128
156,15
25,155
154,170,107
140,155,168
156,155,170,161
123,107
138,129
124,107,155
154,128
160,134,169,139
169,107
130,151
154,161,12
46,167,51
156,154
74,2
156,2,135
130,161
154,128
169,155,140,154,18,161
155,161,128,151
124,155
156,140,139
146,155,151
161,129
155,164,15,151
154,12
156,128
154,148,155
154,148
155,151
156,148
169,107
154,12
156,154,155,128
154,74
148,159
154,138
130,124,161
46,134
156,134
154,12
123,134,161
155,161
140,170
130,155,138,172
140,135
156,154,107
160,159,135
156,135
51,124
16,163,128
148,155,161
156,154,19,128
134,159,138
154,130
154,128
146,155,135,151
123,156
156,155,172,135
163,159
154,130,155,128
169,154,138
164,124,151
159,138
131,155,135
156,155,18
130,161
154,155
155,15
154,134,128
15,161
154,161
154,148
51,18
138,174
169,140,148
156,148,155
148,107
159,161
154,155,128
154,134
154,140,167,129
154,128
136,154,130,134
2,155,124
123,2,159
46,164,168
164,151
156,128
156,146,2,151
154,130
154,128
170,12
123,12,156,140,159,16,154,161
123,51,146,151,133,156,135
156,148
154,148
124,168
123,163,156
163,140,15,12
123,161
148,155
156,154,123,12,169
156,154,51,129
74,151,164,21,128
148,159
124,12,173
156,146
138,139
155,12
154,161,135
123,148,155,154,124,15
154,128
51,107,15
74,146,19,129,151
140,155,135
169,171,12,108,26,164,155,151,163,128,156,154,135
146,161
154,124
124,155,148
136,128
46,155,134,138,156,130
154,167
170,155,124,151
159,107
160,51,168
157,163,134
123,15,171
154,124
146,164,155,161,151
123,107
159,128
156,12
169,154,159
155,138,128
154,128
14,134,74
169,154,159,74,130,124,18
169,134
134,159
123,170,107
123,164,170,151
154,130
134,159,128
156,130,107,138
156,148
154,128
26,12,164,151,159,154
123,155,18
169,161
154,128
155,168
156,161
170,148,164,151,156,124
130,128
140,12
156,14,154,138
74,135
123,154,134
170,124,167
155,135
154,161
134,159,129
148,155
12,155,164,107,133,129,16,154,130,135,160,157,163,159,51,134,128,156,15,161,139,158,151
169,14,130,134
123,155,12,162
154,12
154,107
164,124
156,128
156,167,12,139
163,2,21
154,124
156,154,164,157,151
138,128
158,140
154,128
2,155
140,148
123,166,140,155
169,139
154,163
155,161
146,170,26,107,151
169,51,156
136,159
130,159
164,148,155,151,157,159,156,161
154,134
154,159,128
164,151
132,155,157,138,128,156,130,135
164,155,151
46,159,139
151,155,164,128
51,135
155,138,128
164,151
154,161
108,134,128,154,19,21
123,130,161
170,146,148,164,151,156,154,15,161
155,139
161,128
160,26,107
155,167
148,155
154,170,128
154,124
154,167
154,170,167,138
156,130
154,26
148,155
155,159
156,128
164,151
169,134
148,159,129,151
123,155,107
140,138
156,51
154,170,107,128
154,146,140
154,155,18,161
164,151
130,140
154,146,151
123,2
123,107
156,26
169,146,159,151
157,130,124,15
160,172,15,107
156,12,108
161,154,12,128
169,154,18,15,161
161,157,12,135
161,128
156,154,4
151,170,128
156,154,155,128
163,148,161,151
156,19
169,51
169,154,124
146,164,155,151
154,135
154,12,128
2,108
154,46,155,12
159,132
154,134,107
154,140
169,160,2,154,130,161
154,12
123,21
154,151,164,170,128
169,138
154,12
156,170
148,159
157,138
138,161
163,140
156,26
169,26
146,151
169,25
154,134
2,124
155,138,128
134,128
123,156
154,146,148,151
124,12,151
154,146,155,151
154,46
50,154,134
160,155,168
12,155,164,151,2,21
154,148,161,128
154,148,135
154,130,134
154,51,168
154,124
156,146,151
170,128
156,154,124
140,167
161,128
156,161
19,135
154,12
146,151
154,51
107,2,159,18
169,21,51,136,107,162,163,140,134,159,129,161
159,132,108
16,154,146,151
156,138
26,107
46,107,128
154,128
154,124
163,128
154,130
164,151
160,74
154,12,128
159,129
15,107
154,164,151
19,132,128
134,128
169,154,140,124,156
154,130
159,107
169,74,170,128
123,134,161
154,148,155
166,135,139
51,128
154,134
26,14,159,138,128,154
25,173
155,167
156,140,148
154,130,15
154,151
159,12,139
169,107
25,164,155,107,151,154
157,140
156,154,107
154,159,107,167
159,161
154,146,159,151
154,155
140,138
169,164,151
156,154
169,130
154,128
2,19
138,135
161,128
160,15,107
156,154
15,139
123,155,107
130,124
154,134,161
154,12
130,138,45
134,2
163,138,12,167
156,15
156,14,107
156,154,134
26,154,171,138
159,128
46,12,155,164,140,129,154,130,135,123,148,157,138,159,146,166,134,128,156,161,132,139,151
156,140,130,128
16,15,107
159,138,161
134,155
169,167
154,128
123,2,107,161,155
155,170
124,170
154,130,74,12,128
156,164,107,151
123,107
170,167,128
154,51
51,135
169,160,167,12,132
156,123,138
155,128
129,128
169,136,167
124,161
154,148,161
168,173
156,148,167,12
154,134,155,128
155,15
25,26,139,148,107,160,157,124,15,161
156,138
164,151
25,2,19
74,124,12
169,74,154,12
161,128
136,134,162
123,140
136,107,157
169,164,161
156,154,133,161,128
123,134
154,130,128
154,161
123,2
134,161
156,128
154,46,107,161,128
146,161,151
123,161
46,161,128
51,26
108,155,159,128,156,154
14,25,155,128
158,130,135
155,157,163,128,154,161
166,146,164,151
140,155
154,124,161
156,12
138,161
169,132
169,160,164,151
154,124
135,139
155,138
169,14,124
154,148,2,128
154,148,159
161,154,12
158,155,148,14,134,159,138,156
146,151
134,167,21
123,148
154,124
156,138
134,161
16,161
161,12
156,148,21,128
51,107,160,138,168,156
123,51,167,139
124,171,107
51,157,140,14,138,130
156,155
154,128
161,12,129,128
171,128
146,155,151
169,155,148,157,14,134,159,156,154,124
157,170,135
155,138,124
159,148,155
169,146,156,151
146,155,148,151,168,154,124
146,161
146,148,151
123,159,107
154,134
154,164,151
123,2
154,107,161
169,12,155,107,140,129,154,130,148,138,159,134,156,15,161,170,26,139,131,45,124,174
123,2,16
161,148,155,15
164,155,151
154,134,107,14,124
154,164,161,128,151
170,134,138
154,128
154,155
161,25,51,46,12,26,146,148,164,15,155,151,107,157,128,156,154,18,19
169,128
169,131
161,128
163,12
154,124
156,130,138
156,124
134,161
156,151
164,151
157,161,128
158,140,107
154,164,151
123,46,107,167,156
154,148,128
169,140,148,155
123,2
154,128
154,161
161,128
154,164,151
107,139
154,146,151
169,46,159,128,156,154,19
154,25
154,128
154,130,107,161,128
134,170
157,148,151
169,124,107
51,163,140,128,15,161
124,161
25,51,132
123,18,15,156,128
133,155
134,128
134,155
156,46
155,138
169,138
146,151
156,128
154,148,155
154,140
170,154,164,167,151
169,154,124
155,15
169,12,135,139
156,154,130
123,26
154,130
148,128
170,138
163,146,151
159,15,128
123,74,167,128
169,124
16,154,155
124,159,135,151
134,155,128
155,161
154,124,155,148
171,135,128
123,163,140,15,161
74,164,151
46,51
166,151,135,139
154,46,107,21,128
154,163,128
154,167
154,155
154,174
164,2
154,157,162,128
148,18
156,12
140,155,128
138,167
169,26,14,156,15,161
134,128
123,160
154,146,15,151
154,107,162,128
155,140,164,139,151
154,140,167,168
154,148,161
157,146,164,151
163,107
160,15
134,170
156,124
154,12
154,155,170
15,135
154,161
161,74,18,12
155,2
156,74
169,146,151
146,155,151
154,138
140,155
46,161
159,19
26,74,138,174,128
46,134
154,161
163,146,154,151
123,154,107,167,135
163,25
163,140
170,135
155,18,12,128
51,26,128
170,136,129,156,154,15
167,107
156,154
135,128
154,155,128
146,151
154,138,167
51,138,155
140,159
154,135,128
146,151
156,25,164,151
169,132,129
169,163,124,50
169,161
154,148,164,151
138,161
158,15,138
154,163,128
123,170,26,12,139,136,155,151,157,166,159,138,129,156,154,130,124,161
155,107
156,128
156,134,138
14,124,155
163,154,128
160,155
155,128
134,15
159,129
156,155,128
12,148,107,14,157,128,156,154,15,161
154,128
156,128
124,170
156,132,139
170,148,107,156,154,15
161,135
159,128
154,124
154,148
136,128
12,139
148,155
156,18,138
146,148,164,151,157,159,128,156,154,18
156,161
154,164,155,151
156,154,155,15,128
169,15,139
163,124,161
156,154,134,161,128
123,169
154,140,159
169,26,12,139,155,134,159,129,156,161,174
123,2
107,128
148,159,161
154,12
169,154,138
148,26
123,26,21
167,146,162,151,163,140,74
169,154,155
169,154,124,164,151
154,45
163,161
154,164,151
155,148,128
170,171
155,107,160,14,140,156
124,161
159,12,139
156,15
154,134,128
134,155,128
154,148,167,21,128
156,154,107
123,26,108,155,168,74,15
123,45
170,132
123,108
123,107
123,154,15
169,134,162
123,108,156
134,138
154,107,12
51,161
155,107
170,168
124,155,173
154,133,107
156,170
154,164,151
156,164,151
154,138
123,154,159,161
146,148,151
156,154,128
164,151
169,161,139
12,132,139,16,155,107,164,162,163,134,133,159,129,128,156,154,130,161,135
154,159
160,134,12,129
169,124,135
46,128
154,128
135,139
156,154
160,130,124,170,155
169,12,146,155,151,14,154,124,135
156,130,128
138,129
155,128
123,25,45,156
154,167
155,138,128
146,155
164,161,151
160,154,12
169,128
159,128
156,26,107
123,148,138,161
123,169
159,107
159,12
170,128
136,159
124,155
170,140,148,155
74,128
154,135
154,124,168
123,136,21
51,167
155,107,161
25,170,108
169,170
154,129
123,2
157,159,161,108
12,151
131,159,19,128
154,128
123,107,173,168
170,128
154,15
154,130,155,21
123,170,155,107,163,128
136,154,155
154,134
130,155
26,25,15
123,135
130,134,124
161,12,146,148,155,151,154,19
159,124,107,168
123,135
25,18,155,168,173,138,15
12,128
164,155,151
148,170,128
148,159
123,26,12,108,155,159,128,130,161,135
154,135
160,169,135,156
169,74,26
154,148
164,151
159,148,15
154,133,148,128
154,146,159
156,161,151
169,140
156,134,168
154,161,128
155,139
134,168
154,21
164,148,151
154,124
146,148,155,151
154,146,159,151
160,21,128
154,128
26,138
74,124
151,164,139
46,159
154,130,128
169,14,155,128
156,136,2,12,161
156,135
46,134
46,154,160,134,15
169,12,148,138,156,154,135
163,134
138,173
2,159,12
154,130,12
154,146,151
146,148,151
166,154,155,138,151
155,128
134,155
156,25,124
154,164,170,132,151
51,107
139,164,155,151,134,159,124,161
154,130
123,107
169,154,12,129
123,160
123,12,128
138,128
74,154,138
154,134,159,21,128
156,128
12,139
169,2,107
169,134,138
160,161
169,170
156,154,138
46,107
74,12
14,134,157
148,161
160,161,162
154,148,159,12
155,170
170,12
164,151
169,167,12,164,107,140,2,133,154,130,135,123,148,157,159,21,51,136,146,134,156,161,139,151
167,161
166,151
156,154,170,128
156,12
164,154,155,107,151
164,151
154,128
154,12
74,134
154,140,128
134,19,108
155,129
107,12
123,46,161,128
134,155
46,161
51,107,139
133,159,12
133,21,159,12
155,134,128
123,14,155,170
156,151
14,15,107
169,124
157,146,51
154,140,128
169,130,138
148,159
154,140,74,128
156,157,140
154,134
154,163
154,155,171
163,140
148,155
148,155
154,139,128
154,128
139,157,146,148,155,164,151,166,140,134,159,131,129,138,156,154,130,124,14,161,135
154,148
155,151
154,164,151
136,154,128
161,128
161,154,12,162,128
169,25,134,156,154,130,124
154,134
156,148
135,128
148,159
156,155
167,128
169,45
15,161
155,26
161,12,146,155,151,163,133,154,124,21
140,167,128
133,134
157,124
163,124,107,14
107,163,168,154,124,15,161
155,138
169,51,26,139
123,26
157,148,51,128
123,2,159,51,128
159,107,128
156,140,128
163,129
146,155,151
158,25,168,12
169,2,129,135,128
159,124,138,155
160,136,163,167,168
156,128
130,155
154,2
25,155,15,128
156,154,12
123,161,12
154,140,128
154,133
156,51,139
136,161
123,134,170
154,130
164,161,151
130,148
138,128
46,107
159,128
163,12,129
151,146,128
169,146,124,134,151
154,130,161
124,155
157,134
154,128
25,107,19
123,130,167,128
164,170,151
155,12,134
130,140,155,124
148,151
154,130,161
167,12,168
169,154,134
156,164,151
157,159
169,134,156,154,124,135
25,128
169,130
154,131
154,21
169,138
154,151
123,2,21
136,154,163
156,124,26
169,154,124
156,154,146,151
134,155
123,159,128
154,140
51,12,132,158,146,155,148,107,164,151,140,138,129,128,156,154,130,161
154,124,139
154,148
154,124,15
146,155,164,151,154,135
157,107,138
124,155
154,12,128
134,161
124,107
169,124
156,148
169,135
146,151
133,134,129,139
123,169,25,26,107,174
155,167
154,148,15
124,138
157,134
166,154
154,51,15
164,155,151
146,164,151,129,128,156,154,15
159,130,138
123,154,15
154,148
14,159,135,128
123,128
156,154,108,128
160,155
14,107
154,155
169,124
155,12,174,139
154,155
169,134,135
107,168
154,151
156,146,148,151
154,155,157
146,155,151
156,154
166,155,151
154,128
157,138,139
146,155,151
156,130,12
25,148
148,139
155,107,138
157,128
169,124,18
156,140,148
134,155,148
154,155,26
25,45
146,151
26,107
155,107
154,133
148,151,164,146,128
154,124
45,170
154,130,161
15,107
148,155
169,154,167
154,140,157
140,12,139
107,138
154,164,151
74,130,124,159,161
156,154
14,148,161
154,124
156,130,134
156,148,155,161
159,107
154,128
154,130
169,130
123,108,163,2,154,19,21
157,124,138,14
154,130,155,128
46,107
140,164,170,151
136,163,155,132
159,128
135,128
134,155,107
170,148,155,164,151,157,138,156,154,130,124,15,161
156,161
154,134,128
154,128
154,140
169,154
134,155
154,163,51
169,154,12
154,134,155
165,128
167,128
154,130,135
169,134,155,161,12
46,107,128
130,134,161,128
156,154
154,151
148,155
140,15
138,128
157,14,128,154,130,15,161,135
156,157,164,151
169,135
134,51
154,159,135
154,134,161
154,167
164,18,151
154,2
170,134,155
123,163,128
154,163,155,171,124
154,134
154,124
154,151
163,2
124,161,132
170,128
21,128
169,170,124,159
74,154,148
156,124
50,26,107,129
107,157,156,154,124,15
154,140,128
163,140,124
14,155,107
15,128
123,2
130,124
164,161,151
170,18,135
124,155,18
154,138,161
132,140,138,129,154,130
159,128
154,12,128
154,45,107,139
155,19
158,128
163,133,139
154,134
148,161
156,154,157,135,128
154,148
140,148,15,107,128
163,140,159,167
140,155
14,148,155,19,151
14,155,15
124,12
154,129
159,128
170,135
123,2,169
169,138,172,156
51,162
74,124
14,154,161
154,130,129,128
140,12
131,148
50,169,170,172,12,164,155,107,151,154
169,146,156,151
169,124,129
160,154,138
170,26
163,140,15,108
15,19
133,46
161,12
50,155,132
156,136,123,107,161
154,130,138
107,46,15,19,156
146,164,155,151,160,14,173,128,156,154,15,161
156,124
166,151
146,151
124,138,161
154,146,155,128,151
154,107,138
155,128
156,50,134
156,148
124,159
130,171,139
154,151
146,155,151
154,148,161
148,155,151
156,140
163,159
148,155
146,155,18,151
154,26,128
140,159
154,133
146,159,151
156,148
161,138,12
74,15
169,154,139
156,26,128
154,140,159,161
148,164,151,163,128,154,161
156,26
160,140,155,26
169,140,128
156,46,26
164,155,151
138,128
154,15,128
154,128
123,155
156,140,134
124,161
146,151,166,128,156,154,15,161
124,159
154,130,168
123,2,161
139,151
159,170,107
46,12
154,151,164,128
157,148
134,129
146,155,151
154,138
123,2
156,128
136,25,2
50,154,124,108
169,154
123,130
170,128
154,148,14
158,51,161
74,108
170,14,159,138,156,124
156,138,107
123,74,2
161,154,12
159,12
123,45,26,159
154,134
154,133
154,140
154,26,129
108,128
146,155,18,151
154,168
169,2
159,138
170,139,164,151,156,154,130,124,161,135
154,128
123,154,135,128
154,134
169,154,164,124,151
51,16,107,157,134,159,128,156
134,128
169,124,107
156,138
146,148,151,134,159,156,154
138,128
156,154,12
156,154,128
170,12
155,161
12,128
156,16,146,12
169,154,164,151
169,164,155,151,134,138,156,154,130,161
154,12
146,164,151,163,128,154
154,163,74,128
148,162
51,155
154,2
156,155,138,128
12,155,164,107,140,133,129,16,154,130,135,148,157,163,159,51,136,146,166,134,128,156,15,161,139,158,151
156,154,155,138,128
163,170,107
51,155
156,140,148
164,151
154,129
154,135
12,139
140,155,128
123,154,128
154,134,138,132
160,169
123,154
156,154,12
146,151
123,160
163,128
146,151
154,124,167,155
164,151
156,154,161
154,148,21,128
123,2
130,161
51,18,128
170,159,161
123,154,15
130,128
157,159,128
123,107
123,160,51
134,138,107
164,155,107,151
155,151,163,157,128,154
154,135
163,128
154,130
123,169,108
51,107
163,148,155,151
157,18
154,134
12,139,156,136,146,148,107,155,164,151,163,140,134,159,128,16,154,130,161,135
154,138
156,173,138,12,135
157,161,128
133,138
154,124,155,134
154,130,161
156,140
155,151
154,130
74,171
156,154,155
156,130
159,107
134,107
155,128
156,146,148,151
154,128
123,159,107
2,108,128
146,155,18,151
146,148,155,151
156,154,128
107,128
74,130
154,148,151
154,128
156,164,107,151
154,124
154,128
140,162
154,128
156,148
45,135
170,107
156,154,155,128
124,138
169,107,128
134,155
155,139
124,170
154,148,155,21,151
74,135
130,161
160,154,161
134,51
155,108
154,134,15
148,151
161,12,128
134,128
156,124
170,138
123,161
12,139,134,128,156,154
154,134
157,171,174
136,163,107,124
25,26
156,148
156,160,107
169,161
148,155
156,139,128
163,2
26,154,138,167
46,12,132,139,136,164,155,151,160,166,163,133,2,134,129,159,156,154,130,161,135
146,155,151
107,128
155,164,151
159,167,161
156,167,12
156,134,159,139
107,168
154,107,128,139
154,134,15,128
164,151
130,134
167,161,168
134,128
154,138,128
155,12,108
146,155,167,151
159,173
169,161,139
148,155
164,151
51,128
156,135,128
123,154,134
134,138,172,155
138,135
169,148,107
146,155,151
123,167,155,151,133,156,154,161
156,157,130,155,12
154,148,128
156,151
155,12,128
155,15,159,139
154,155
154,146,155,161,151
154,140
130,134
156,170,107
156,138
154,138
146,148,151,159,156,161
154,167,128
164,151
160,2,107,167
134,128
154,140
158,146,151
169,154
123,108
148,159,167
123,2
140,148,12
148,155,151
123,25
156,14
123,170,146,148,107,151,140,134,138,130,15
146,151
156,151
159,128
164,155,151,129,156,154,130
45,124,170
163,2
155,128
156,124,155,134
159,107,161
159,128
156,46,25,155,160
130,170,128
146,151
157,134
163,164,155,170
148,107,51
136,138
123,169,135,128
154,170
169,134
156,167
15,128
154,155,161,129
50,170
51,164,151,163,15,161
148,155
123,130
74,146,154,151
146,155,151
16,154,130,161,146
154,161,128
140,12,128
160,51,107
123,108
160,163
146,148,151
154,128
156,161,51,12,128
123,128
154,157,128
108,155,135
169,12,164,151,154,124,161
74,140,167
169,14
107,128
25,155,107
154,148
156,140
155,164,151
2,19
134,161
123,107
156,128
124,155
123,134
136,128
25,159
156,19,128
154,164,151
154,15
25,154,146,156,151
161,132
146,148,164
157,134
154,18,107,12
154,129
154,2,159,12
154,134,128
154,25,134,161
169,164,151,140,128,154
156,154
155,138
169,154,25,167,138
