ItemID,SellingPriceDec,times,new F1,new F2,new F3,new F4,new F5,new H1,new H2,new others
1,7,16,7.0,7.0,7.0,7.0,7.0,7.0,7.0,7.0
1,7,17,7.0,7.0,7.0,7.0,7.0,7.0,7.0,7.0
1,7,18,7.0,7.0,7.0,7.0,7.0,7.0,7.0,7.0
1,7,19,7.0,7.0,7.0,7.0,7.0,7.0,7.0,7.0
1,7,20,7.0,7.0,7.0,7.0,7.0,7.0,7.0,7.0
1,7,21,7.0,7.0,7.0,7.0,7.0,7.0,7.0,7.0
1,7,22,7.0,7.700000000000001,7.700000000000001,7.0,7.0,7.0,7.0,7.0
1,7,23,7.0,7.700000000000001,7.700000000000001,7.0,7.0,7.0,7.0,7.0
1,7,24,7.0,7.700000000000001,7.700000000000001,7.0,7.0,7.0,7.0,7.0
1,7,25,7.0,7.0,7.0,7.0,7.0,7.0,7.0,7.0
1,7,26,7.0,7.0,7.0,7.0,7.0,7.0,7.0,7.0
2,8,16,8.0,8.0,8.0,8.0,8.0,8.0,8.0,8.0
2,8,17,8.8,8.8,8.8,8.8,8.0,8.0,8.0,8.0
2,8,18,8.0,8.8,8.8,8.0,8.0,8.0,8.0,8.0
2,8,19,8.0,8.0,8.0,8.0,8.0,8.0,8.0,8.0
2,8,20,8.0,8.0,8.0,8.0,8.0,8.0,8.0,8.0
2,8,21,8.0,8.0,8.0,8.0,8.0,8.0,8.0,8.0
2,8,22,8.0,8.0,8.0,8.0,8.0,8.0,8.0,8.0
2,8,23,8.0,8.0,8.0,8.0,8.0,8.0,8.0,8.0
2,8,24,8.0,8.0,8.0,8.0,8.0,8.0,8.0,8.0
2,8,25,8.0,8.0,8.0,8.0,8.0,8.0,8.0,8.0
2,8,26,8.0,8.0,8.0,8.0,8.0,8.0,8.0,8.0
3,12.0,16,12.0,12.0,12.0,12.0,12.0,12.0,12.0,12.0
3,12.0,17,12.0,12.0,12.0,12.0,12.0,12.0,12.0,12.0
3,12.0,18,12.0,12.0,12.0,12.0,12.0,12.0,12.0,12.0
3,12.0,19,12.0,12.0,12.0,12.0,12.0,12.0,12.0,12.0
3,12.0,20,12.0,12.0,12.0,12.0,12.0,12.0,12.0,12.0
3,12.0,21,12.0,12.0,12.0,12.0,12.0,12.0,12.0,12.0
3,12.0,22,12.0,12.0,12.0,12.0,12.0,12.0,12.0,12.0
3,12.0,23,12.0,12.0,12.0,12.0,12.0,12.0,12.0,12.0
3,12.0,24,12.0,12.0,12.0,12.0,12.0,12.0,12.0,12.0
3,12.0,25,12.0,12.0,12.0,12.0,12.0,12.0,12.0,12.0
3,12.0,26,12.0,12.0,12.0,12.0,12.0,12.0,12.0,12.0
4,21.0,16,21.0,21.0,21.0,21.0,21.0,21.0,21.0,21.0
4,21.0,17,21.0,21.0,21.0,21.0,21.0,21.0,21.0,21.0
4,21.0,18,21.0,21.0,21.0,21.0,21.0,21.0,21.0,21.0
4,21.0,19,21.0,21.0,21.0,21.0,21.0,21.0,21.0,21.0
4,21.0,20,21.0,21.0,21.0,21.0,21.0,21.0,21.0,21.0
4,21.0,21,21.0,21.0,21.0,21.0,21.0,21.0,21.0,21.0
4,21.0,22,21.0,21.0,21.0,21.0,21.0,21.0,21.0,21.0
4,21.0,23,21.0,21.0,21.0,21.0,21.0,21.0,21.0,21.0
4,21.0,24,21.0,21.0,21.0,21.0,21.0,21.0,21.0,21.0
4,21.0,25,21.0,21.0,21.0,21.0,21.0,21.0,21.0,21.0
4,21.0,26,21.0,21.0,21.0,21.0,21.0,21.0,21.0,21.0
5,8.0,16,8.0,8.0,8.0,8.0,8.0,8.0,8.0,8.0
5,8.0,17,8.0,8.0,8.0,8.0,8.0,8.0,8.0,8.0
5,8.0,18,8.0,8.0,8.0,8.0,8.0,8.0,8.0,8.0
5,8.0,19,8.0,8.0,8.0,8.0,8.0,8.0,8.0,8.0
5,8.0,20,8.0,8.0,8.0,8.0,8.0,8.0,8.0,8.0
5,8.0,21,8.0,8.0,8.0,8.0,8.0,8.0,8.0,8.0
5,8.0,22,8.0,8.0,8.0,8.0,8.0,8.0,8.0,8.0
5,8.0,23,8.0,8.0,8.0,8.0,8.0,8.0,8.0,8.0
5,8.0,24,8.0,8.0,8.0,8.0,8.0,8.0,8.0,8.0
5,8.0,25,8.0,8.0,8.0,8.0,8.0,8.0,8.0,8.0
5,8.0,26,8.0,8.0,8.0,8.0,8.0,8.0,8.0,8.0
6,10.0,16,10.0,10.0,10.0,10.0,10.0,10.0,10.0,10.0
6,10.0,17,10.0,10.0,10.0,10.0,10.0,10.0,10.0,10.0
6,10.0,18,10.0,10.0,10.0,10.0,10.0,10.0,10.0,10.0
6,10.0,19,10.0,10.0,10.0,10.0,10.0,10.0,10.0,10.0
6,10.0,20,10.0,10.0,10.0,10.0,10.0,10.0,10.0,10.0
6,10.0,21,10.0,10.0,10.0,10.0,10.0,10.0,10.0,10.0
6,10.0,22,10.0,10.0,10.0,10.0,10.0,10.0,10.0,10.0
6,10.0,23,10.0,10.0,10.0,10.0,10.0,10.0,10.0,10.0
6,10.0,24,10.0,10.0,10.0,10.0,10.0,10.0,10.0,10.0
6,10.0,25,10.0,10.0,10.0,10.0,10.0,10.0,10.0,10.0
6,10.0,26,10.0,10.0,10.0,10.0,10.0,10.0,10.0,10.0
12,30,16,30.0,30.0,30.0,30.0,30.0,30.0,30.0,30.0
12,30,17,30.0,30.0,30.0,30.0,30.0,30.0,30.0,30.0
12,30,18,30.0,30.0,30.0,30.0,30.0,30.0,30.0,30.0
12,30,19,30.0,30.0,30.0,30.0,30.0,30.0,30.0,30.0
12,30,20,30.0,33.0,33.0,30.0,30.0,30.0,30.0,30.0
12,30,21,30.0,30.0,30.0,30.0,30.0,30.0,30.0,30.0
12,30,22,30.0,33.0,33.0,33.0,30.0,30.0,30.0,30.0
12,30,23,30.0,33.0,33.0,33.0,30.0,30.0,30.0,30.0
12,30,24,30.0,33.0,33.0,33.0,30.0,30.0,30.0,30.0
12,30,25,30.0,30.0,30.0,30.0,30.0,30.0,30.0,30.0
12,30,26,30.0,30.0,30.0,30.0,30.0,30.0,30.0,30.0
14,10.0,16,10.0,10.0,10.0,10.0,10.0,10.0,10.0,10.0
14,10.0,17,10.0,10.0,10.0,10.0,10.0,10.0,10.0,10.0
14,10.0,18,10.0,10.0,10.0,10.0,10.0,10.0,10.0,10.0
14,10.0,19,10.0,10.0,10.0,10.0,10.0,10.0,10.0,10.0
14,10.0,20,10.0,10.0,10.0,10.0,10.0,10.0,10.0,10.0
14,10.0,21,10.0,10.0,10.0,10.0,10.0,10.0,10.0,10.0
14,10.0,22,10.0,10.0,10.0,10.0,10.0,10.0,10.0,10.0
14,10.0,23,10.0,10.0,10.0,10.0,10.0,10.0,10.0,10.0
14,10.0,24,10.0,10.0,10.0,10.0,10.0,10.0,10.0,10.0
14,10.0,25,10.0,10.0,10.0,10.0,10.0,10.0,10.0,10.0
14,10.0,26,10.0,10.0,10.0,10.0,10.0,10.0,10.0,10.0
15,35,16,35.0,35.0,35.0,35.0,35.0,35.0,35.0,35.0
15,35,17,35.0,35.0,35.0,35.0,35.0,35.0,35.0,35.0
15,35,18,35.0,35.0,35.0,35.0,35.0,35.0,35.0,35.0
15,35,19,35.0,35.0,35.0,35.0,35.0,35.0,35.0,35.0
15,35,20,35.0,35.0,35.0,35.0,35.0,35.0,35.0,35.0
15,35,21,35.0,35.0,38.5,35.0,35.0,35.0,35.0,35.0
15,35,22,35.0,38.5,38.5,35.0,35.0,35.0,35.0,35.0
15,35,23,35.0,35.0,38.5,35.0,35.0,35.0,35.0,35.0
15,35,24,35.0,35.0,35.0,35.0,35.0,35.0,35.0,35.0
15,35,25,35.0,35.0,35.0,35.0,35.0,35.0,35.0,35.0
15,35,26,35.0,35.0,35.0,35.0,35.0,35.0,35.0,35.0
16,5.0,16,5.0,5.0,5.0,5.0,5.0,5.0,5.0,5.0
16,5.0,17,5.0,5.0,5.0,5.0,5.0,5.0,5.0,5.0
16,5.0,18,5.0,5.0,5.0,5.0,5.0,5.0,5.0,5.0
16,5.0,19,5.0,5.0,5.0,5.0,5.0,5.0,5.0,5.0
16,5.0,20,5.0,5.0,5.0,5.0,5.0,5.0,5.0,5.0
16,5.0,21,5.0,5.0,5.0,5.0,5.0,5.0,5.0,5.0
16,5.0,22,5.0,5.0,5.0,5.0,5.0,5.0,5.0,5.0
16,5.0,23,5.0,5.0,5.0,5.0,5.0,5.0,5.0,5.0
16,5.0,24,5.0,5.0,5.0,5.0,5.0,5.0,5.0,5.0
16,5.0,25,5.0,5.0,5.0,5.0,5.0,5.0,5.0,5.0
16,5.0,26,5.0,5.0,5.0,5.0,5.0,5.0,5.0,5.0
18,55.0,16,55.0,55.0,55.0,55.0,55.0,55.0,55.0,55.0
18,55.0,17,55.0,55.0,55.0,55.0,55.0,55.0,55.0,55.0
18,55.0,18,55.0,55.0,55.0,55.0,55.0,55.0,55.0,55.0
18,55.0,19,55.0,55.0,55.0,55.0,55.0,55.0,55.0,55.0
18,55.0,20,55.0,55.0,55.0,55.0,55.0,55.0,55.0,55.0
18,55.0,21,55.0,55.0,55.0,55.0,55.0,55.0,55.0,55.0
18,55.0,22,55.0,55.0,55.0,55.0,55.0,55.0,55.0,55.0
18,55.0,23,55.0,55.0,55.0,55.0,55.0,55.0,55.0,55.0
18,55.0,24,55.0,55.0,55.0,55.0,55.0,55.0,55.0,55.0
18,55.0,25,55.0,55.0,55.0,55.0,55.0,55.0,55.0,55.0
18,55.0,26,55.0,55.0,55.0,55.0,55.0,55.0,55.0,55.0
19,20.0,16,20.0,20.0,20.0,20.0,20.0,20.0,20.0,20.0
19,20.0,17,20.0,20.0,20.0,20.0,20.0,20.0,20.0,20.0
19,20.0,18,20.0,20.0,20.0,20.0,20.0,20.0,20.0,20.0
19,20.0,19,20.0,20.0,20.0,20.0,20.0,20.0,20.0,20.0
19,20.0,20,20.0,20.0,20.0,20.0,20.0,20.0,20.0,20.0
19,20.0,21,20.0,20.0,20.0,20.0,20.0,20.0,20.0,20.0
19,20.0,22,20.0,20.0,20.0,20.0,20.0,20.0,20.0,20.0
19,20.0,23,20.0,20.0,20.0,20.0,20.0,20.0,20.0,20.0
19,20.0,24,20.0,20.0,20.0,20.0,20.0,20.0,20.0,20.0
19,20.0,25,20.0,20.0,20.0,20.0,20.0,20.0,20.0,20.0
19,20.0,26,20.0,20.0,20.0,20.0,20.0,20.0,20.0,20.0
20,25.0,16,25.0,25.0,25.0,25.0,25.0,25.0,25.0,25.0
20,25.0,17,25.0,25.0,25.0,25.0,25.0,25.0,25.0,25.0
20,25.0,18,25.0,25.0,25.0,25.0,25.0,25.0,25.0,25.0
20,25.0,19,25.0,25.0,25.0,25.0,25.0,25.0,25.0,25.0
20,25.0,20,25.0,25.0,25.0,25.0,25.0,25.0,25.0,25.0
20,25.0,21,25.0,25.0,25.0,25.0,25.0,25.0,25.0,25.0
20,25.0,22,25.0,25.0,25.0,25.0,25.0,25.0,25.0,25.0
20,25.0,23,25.0,25.0,25.0,25.0,25.0,25.0,25.0,25.0
20,25.0,24,25.0,25.0,25.0,25.0,25.0,25.0,25.0,25.0
20,25.0,25,25.0,25.0,25.0,25.0,25.0,25.0,25.0,25.0
20,25.0,26,25.0,25.0,25.0,25.0,25.0,25.0,25.0,25.0
21,30.0,16,30.0,30.0,30.0,30.0,30.0,30.0,30.0,30.0
21,30.0,17,30.0,30.0,30.0,30.0,30.0,30.0,30.0,30.0
21,30.0,18,30.0,30.0,30.0,30.0,30.0,30.0,30.0,30.0
21,30.0,19,30.0,30.0,30.0,30.0,30.0,30.0,30.0,30.0
21,30.0,20,30.0,30.0,30.0,30.0,30.0,30.0,30.0,30.0
21,30.0,21,30.0,30.0,30.0,30.0,30.0,30.0,30.0,30.0
21,30.0,22,30.0,30.0,30.0,30.0,30.0,30.0,30.0,30.0
21,30.0,23,30.0,30.0,30.0,30.0,30.0,30.0,30.0,30.0
21,30.0,24,30.0,30.0,30.0,30.0,30.0,30.0,30.0,30.0
21,30.0,25,30.0,30.0,30.0,30.0,30.0,30.0,30.0,30.0
21,30.0,26,30.0,30.0,30.0,30.0,30.0,30.0,30.0,30.0
22,15,16,15.0,15.0,15.0,15.0,15.0,15.0,15.0,15.0
22,15,17,15.0,16.5,15.0,15.0,15.0,15.0,15.0,15.0
22,15,18,15.0,15.0,15.0,15.0,15.0,15.0,15.0,15.0
22,15,19,15.0,15.0,15.0,15.0,15.0,15.0,15.0,15.0
22,15,20,15.0,15.0,15.0,15.0,15.0,15.0,15.0,15.0
22,15,21,15.0,15.0,15.0,15.0,15.0,15.0,15.0,15.0
22,15,22,15.0,15.0,15.0,15.0,15.0,15.0,15.0,15.0
22,15,23,15.0,16.5,15.0,15.0,15.0,15.0,15.0,15.0
22,15,24,15.0,16.5,16.5,15.0,15.0,15.0,15.0,15.0
22,15,25,15.0,15.0,16.5,15.0,15.0,15.0,15.0,15.0
22,15,26,15.0,15.0,15.0,15.0,15.0,15.0,15.0,15.0
23,20.0,16,20.0,20.0,20.0,20.0,20.0,20.0,20.0,20.0
23,20.0,17,20.0,20.0,20.0,20.0,20.0,20.0,20.0,20.0
23,20.0,18,20.0,20.0,20.0,20.0,20.0,20.0,20.0,20.0
23,20.0,19,20.0,20.0,20.0,20.0,20.0,20.0,20.0,20.0
23,20.0,20,20.0,20.0,20.0,20.0,20.0,20.0,20.0,20.0
23,20.0,21,20.0,20.0,20.0,20.0,20.0,20.0,20.0,20.0
23,20.0,22,20.0,20.0,20.0,20.0,20.0,20.0,20.0,20.0
23,20.0,23,20.0,20.0,20.0,20.0,20.0,20.0,20.0,20.0
23,20.0,24,20.0,20.0,20.0,20.0,20.0,20.0,20.0,20.0
23,20.0,25,20.0,20.0,20.0,20.0,20.0,20.0,20.0,20.0
23,20.0,26,20.0,20.0,20.0,20.0,20.0,20.0,20.0,20.0
24,25.0,16,25.0,25.0,25.0,25.0,25.0,25.0,25.0,25.0
24,25.0,17,25.0,25.0,25.0,25.0,25.0,25.0,25.0,25.0
24,25.0,18,25.0,25.0,25.0,25.0,25.0,25.0,25.0,25.0
24,25.0,19,25.0,25.0,25.0,25.0,25.0,25.0,25.0,25.0
24,25.0,20,25.0,25.0,25.0,25.0,25.0,25.0,25.0,25.0
24,25.0,21,25.0,25.0,25.0,25.0,25.0,25.0,25.0,25.0
24,25.0,22,25.0,25.0,25.0,25.0,25.0,25.0,25.0,25.0
24,25.0,23,25.0,25.0,25.0,25.0,25.0,25.0,25.0,25.0
24,25.0,24,25.0,25.0,25.0,25.0,25.0,25.0,25.0,25.0
24,25.0,25,25.0,25.0,25.0,25.0,25.0,25.0,25.0,25.0
24,25.0,26,25.0,25.0,25.0,25.0,25.0,25.0,25.0,25.0
25,10.0,16,10.0,10.0,10.0,10.0,10.0,10.0,10.0,10.0
25,10.0,17,10.0,10.0,10.0,10.0,10.0,10.0,10.0,10.0
25,10.0,18,10.0,10.0,10.0,10.0,10.0,10.0,10.0,10.0
25,10.0,19,10.0,10.0,10.0,10.0,10.0,10.0,10.0,10.0
25,10.0,20,10.0,10.0,10.0,10.0,10.0,10.0,10.0,10.0
25,10.0,21,10.0,10.0,10.0,10.0,10.0,10.0,10.0,10.0
25,10.0,22,10.0,10.0,10.0,10.0,10.0,10.0,10.0,10.0
25,10.0,23,10.0,10.0,10.0,10.0,10.0,10.0,10.0,10.0
25,10.0,24,10.0,10.0,10.0,10.0,10.0,10.0,10.0,10.0
25,10.0,25,10.0,10.0,10.0,10.0,10.0,10.0,10.0,10.0
25,10.0,26,10.0,10.0,10.0,10.0,10.0,10.0,10.0,10.0
26,5,16,5.0,5.0,5.0,5.0,5.0,5.0,5.0,5.0
26,5,17,5.0,5.5,5.0,5.0,5.0,5.0,5.0,5.0
26,5,18,5.0,5.0,5.0,5.0,5.0,5.0,5.0,5.0
26,5,19,5.0,5.0,5.0,5.0,5.0,5.0,5.0,5.0
26,5,20,5.0,5.0,5.0,5.0,5.0,5.0,5.0,5.0
26,5,21,5.0,5.0,5.0,5.0,5.0,5.0,5.0,5.0
26,5,22,5.0,5.0,5.0,5.0,5.0,5.0,5.0,5.0
26,5,23,5.0,5.0,5.0,5.0,5.0,5.0,5.0,5.0
26,5,24,5.0,5.0,5.0,5.0,5.0,5.0,5.0,5.0
26,5,25,5.0,5.0,5.0,5.0,5.0,5.0,5.0,5.0
26,5,26,5.0,5.0,5.0,5.0,5.0,5.0,5.0,5.0
41,15.0,16,15.0,15.0,15.0,15.0,15.0,15.0,15.0,15.0
41,15.0,17,15.0,15.0,15.0,15.0,15.0,15.0,15.0,15.0
41,15.0,18,15.0,15.0,15.0,15.0,15.0,15.0,15.0,15.0
41,15.0,19,15.0,15.0,15.0,15.0,15.0,15.0,15.0,15.0
41,15.0,20,15.0,15.0,15.0,15.0,15.0,15.0,15.0,15.0
41,15.0,21,15.0,15.0,15.0,15.0,15.0,15.0,15.0,15.0
41,15.0,22,15.0,15.0,15.0,15.0,15.0,15.0,15.0,15.0
41,15.0,23,15.0,15.0,15.0,15.0,15.0,15.0,15.0,15.0
41,15.0,24,15.0,15.0,15.0,15.0,15.0,15.0,15.0,15.0
41,15.0,25,15.0,15.0,15.0,15.0,15.0,15.0,15.0,15.0
41,15.0,26,15.0,15.0,15.0,15.0,15.0,15.0,15.0,15.0
45,10.0,16,10.0,10.0,10.0,10.0,10.0,10.0,10.0,10.0
45,10.0,17,10.0,10.0,10.0,10.0,10.0,10.0,10.0,10.0
45,10.0,18,10.0,10.0,10.0,10.0,10.0,10.0,10.0,10.0
45,10.0,19,10.0,10.0,10.0,10.0,10.0,10.0,10.0,10.0
45,10.0,20,10.0,10.0,10.0,10.0,10.0,10.0,10.0,10.0
45,10.0,21,10.0,10.0,10.0,10.0,10.0,10.0,10.0,10.0
45,10.0,22,10.0,10.0,10.0,10.0,10.0,10.0,10.0,10.0
45,10.0,23,10.0,10.0,10.0,10.0,10.0,10.0,10.0,10.0
45,10.0,24,10.0,10.0,10.0,10.0,10.0,10.0,10.0,10.0
45,10.0,25,10.0,10.0,10.0,10.0,10.0,10.0,10.0,10.0
45,10.0,26,10.0,10.0,10.0,10.0,10.0,10.0,10.0,10.0
46,18.0,16,18.0,18.0,18.0,18.0,18.0,18.0,18.0,18.0
46,18.0,17,18.0,18.0,18.0,18.0,18.0,18.0,18.0,18.0
46,18.0,18,18.0,18.0,18.0,18.0,18.0,18.0,18.0,18.0
46,18.0,19,18.0,18.0,18.0,18.0,18.0,18.0,18.0,18.0
46,18.0,20,18.0,18.0,18.0,18.0,18.0,18.0,18.0,18.0
46,18.0,21,18.0,18.0,18.0,18.0,18.0,18.0,18.0,18.0
46,18.0,22,18.0,18.0,18.0,18.0,18.0,18.0,18.0,18.0
46,18.0,23,18.0,18.0,18.0,18.0,18.0,18.0,18.0,18.0
46,18.0,24,18.0,18.0,18.0,18.0,18.0,18.0,18.0,18.0
46,18.0,25,18.0,18.0,18.0,18.0,18.0,18.0,18.0,18.0
46,18.0,26,18.0,18.0,18.0,18.0,18.0,18.0,18.0,18.0
47,10.0,16,10.0,10.0,10.0,10.0,10.0,10.0,10.0,10.0
47,10.0,17,10.0,10.0,10.0,10.0,10.0,10.0,10.0,10.0
47,10.0,18,10.0,10.0,10.0,10.0,10.0,10.0,10.0,10.0
47,10.0,19,10.0,10.0,10.0,10.0,10.0,10.0,10.0,10.0
47,10.0,20,10.0,10.0,10.0,10.0,10.0,10.0,10.0,10.0
47,10.0,21,10.0,10.0,10.0,10.0,10.0,10.0,10.0,10.0
47,10.0,22,10.0,10.0,10.0,10.0,10.0,10.0,10.0,10.0
47,10.0,23,10.0,10.0,10.0,10.0,10.0,10.0,10.0,10.0
47,10.0,24,10.0,10.0,10.0,10.0,10.0,10.0,10.0,10.0
47,10.0,25,10.0,10.0,10.0,10.0,10.0,10.0,10.0,10.0
47,10.0,26,10.0,10.0,10.0,10.0,10.0,10.0,10.0,10.0
48,10.0,16,10.0,10.0,10.0,10.0,10.0,10.0,10.0,10.0
48,10.0,17,10.0,10.0,10.0,10.0,10.0,10.0,10.0,10.0
48,10.0,18,10.0,10.0,10.0,10.0,10.0,10.0,10.0,10.0
48,10.0,19,10.0,10.0,10.0,10.0,10.0,10.0,10.0,10.0
48,10.0,20,10.0,10.0,10.0,10.0,10.0,10.0,10.0,10.0
48,10.0,21,10.0,10.0,10.0,10.0,10.0,10.0,10.0,10.0
48,10.0,22,10.0,10.0,10.0,10.0,10.0,10.0,10.0,10.0
48,10.0,23,10.0,10.0,10.0,10.0,10.0,10.0,10.0,10.0
48,10.0,24,10.0,10.0,10.0,10.0,10.0,10.0,10.0,10.0
48,10.0,25,10.0,10.0,10.0,10.0,10.0,10.0,10.0,10.0
48,10.0,26,10.0,10.0,10.0,10.0,10.0,10.0,10.0,10.0
49,20.0,16,20.0,20.0,20.0,20.0,20.0,20.0,20.0,20.0
49,20.0,17,20.0,20.0,20.0,20.0,20.0,20.0,20.0,20.0
49,20.0,18,20.0,20.0,20.0,20.0,20.0,20.0,20.0,20.0
49,20.0,19,20.0,20.0,20.0,20.0,20.0,20.0,20.0,20.0
49,20.0,20,20.0,20.0,20.0,20.0,20.0,20.0,20.0,20.0
49,20.0,21,20.0,20.0,20.0,20.0,20.0,20.0,20.0,20.0
49,20.0,22,20.0,20.0,20.0,20.0,20.0,20.0,20.0,20.0
49,20.0,23,20.0,20.0,20.0,20.0,20.0,20.0,20.0,20.0
49,20.0,24,20.0,20.0,20.0,20.0,20.0,20.0,20.0,20.0
49,20.0,25,20.0,20.0,20.0,20.0,20.0,20.0,20.0,20.0
49,20.0,26,20.0,20.0,20.0,20.0,20.0,20.0,20.0,20.0
50,20.0,16,20.0,20.0,20.0,20.0,20.0,20.0,20.0,20.0
50,20.0,17,20.0,20.0,20.0,20.0,20.0,20.0,20.0,20.0
50,20.0,18,20.0,20.0,20.0,20.0,20.0,20.0,20.0,20.0
50,20.0,19,20.0,20.0,20.0,20.0,20.0,20.0,20.0,20.0
50,20.0,20,20.0,20.0,20.0,20.0,20.0,20.0,20.0,20.0
50,20.0,21,20.0,20.0,20.0,20.0,20.0,20.0,20.0,20.0
50,20.0,22,20.0,20.0,20.0,20.0,20.0,20.0,20.0,20.0
50,20.0,23,20.0,20.0,20.0,20.0,20.0,20.0,20.0,20.0
50,20.0,24,20.0,20.0,20.0,20.0,20.0,20.0,20.0,20.0
50,20.0,25,20.0,20.0,20.0,20.0,20.0,20.0,20.0,20.0
50,20.0,26,20.0,20.0,20.0,20.0,20.0,20.0,20.0,20.0
51,15.0,16,15.0,15.0,15.0,15.0,15.0,15.0,15.0,15.0
51,15.0,17,15.0,15.0,15.0,15.0,15.0,15.0,15.0,15.0
51,15.0,18,15.0,15.0,15.0,15.0,15.0,15.0,15.0,15.0
51,15.0,19,15.0,15.0,15.0,15.0,15.0,15.0,15.0,15.0
51,15.0,20,15.0,15.0,15.0,15.0,15.0,15.0,15.0,15.0
51,15.0,21,15.0,15.0,15.0,15.0,15.0,15.0,15.0,15.0
51,15.0,22,15.0,15.0,15.0,15.0,15.0,15.0,15.0,15.0
51,15.0,23,15.0,15.0,15.0,15.0,15.0,15.0,15.0,15.0
51,15.0,24,15.0,15.0,15.0,15.0,15.0,15.0,15.0,15.0
51,15.0,25,15.0,15.0,15.0,15.0,15.0,15.0,15.0,15.0
51,15.0,26,15.0,15.0,15.0,15.0,15.0,15.0,15.0,15.0
54,20.0,16,20.0,20.0,20.0,20.0,20.0,20.0,20.0,20.0
54,20.0,17,20.0,20.0,20.0,20.0,20.0,20.0,20.0,20.0
54,20.0,18,20.0,20.0,20.0,20.0,20.0,20.0,20.0,20.0
54,20.0,19,20.0,20.0,20.0,20.0,20.0,20.0,20.0,20.0
54,20.0,20,20.0,20.0,20.0,20.0,20.0,20.0,20.0,20.0
54,20.0,21,20.0,20.0,20.0,20.0,20.0,20.0,20.0,20.0
54,20.0,22,20.0,20.0,20.0,20.0,20.0,20.0,20.0,20.0
54,20.0,23,20.0,20.0,20.0,20.0,20.0,20.0,20.0,20.0
54,20.0,24,20.0,20.0,20.0,20.0,20.0,20.0,20.0,20.0
54,20.0,25,20.0,20.0,20.0,20.0,20.0,20.0,20.0,20.0
54,20.0,26,20.0,20.0,20.0,20.0,20.0,20.0,20.0,20.0
73,30.0,16,30.0,30.0,30.0,30.0,30.0,30.0,30.0,30.0
73,30.0,17,30.0,30.0,30.0,30.0,30.0,30.0,30.0,30.0
73,30.0,18,30.0,30.0,30.0,30.0,30.0,30.0,30.0,30.0
73,30.0,19,30.0,30.0,30.0,30.0,30.0,30.0,30.0,30.0
73,30.0,20,30.0,30.0,30.0,30.0,30.0,30.0,30.0,30.0
73,30.0,21,30.0,30.0,30.0,30.0,30.0,30.0,30.0,30.0
73,30.0,22,30.0,30.0,30.0,30.0,30.0,30.0,30.0,30.0
73,30.0,23,30.0,30.0,30.0,30.0,30.0,30.0,30.0,30.0
73,30.0,24,30.0,30.0,30.0,30.0,30.0,30.0,30.0,30.0
73,30.0,25,30.0,30.0,30.0,30.0,30.0,30.0,30.0,30.0
73,30.0,26,30.0,30.0,30.0,30.0,30.0,30.0,30.0,30.0
74,25,16,25.0,25.0,25.0,25.0,25.0,25.0,25.0,25.0
74,25,17,25.0,25.0,25.0,25.0,25.0,25.0,25.0,25.0
74,25,18,25.0,25.0,25.0,25.0,25.0,25.0,25.0,25.0
74,25,19,25.0,25.0,25.0,25.0,25.0,25.0,25.0,25.0
74,25,20,25.0,25.0,25.0,25.0,25.0,25.0,25.0,25.0
74,25,21,25.0,25.0,27.500000000000004,25.0,25.0,25.0,25.0,25.0
74,25,22,25.0,27.500000000000004,27.500000000000004,25.0,25.0,25.0,25.0,25.0
74,25,23,25.0,27.500000000000004,27.500000000000004,25.0,25.0,25.0,25.0,25.0
74,25,24,25.0,25.0,25.0,25.0,25.0,25.0,25.0,25.0
74,25,25,25.0,25.0,25.0,25.0,25.0,25.0,25.0,25.0
74,25,26,25.0,25.0,25.0,25.0,25.0,25.0,25.0,25.0
76,33,16,33.0,33.0,33.0,33.0,33.0,33.0,33.0,33.0
76,33,17,33.0,36.300000000000004,33.0,33.0,33.0,33.0,33.0,33.0
76,33,18,33.0,33.0,33.0,33.0,33.0,33.0,33.0,33.0
76,33,19,33.0,33.0,33.0,33.0,33.0,33.0,33.0,33.0
76,33,20,33.0,36.300000000000004,36.300000000000004,36.300000000000004,33.0,33.0,33.0,33.0
76,33,21,36.300000000000004,36.300000000000004,36.300000000000004,36.300000000000004,33.0,33.0,33.0,33.0
76,33,22,36.300000000000004,36.300000000000004,36.300000000000004,36.300000000000004,33.0,33.0,33.0,33.0
76,33,23,36.300000000000004,36.300000000000004,36.300000000000004,36.300000000000004,33.0,33.0,33.0,33.0
76,33,24,36.300000000000004,36.300000000000004,36.300000000000004,36.300000000000004,33.0,33.0,33.0,33.0
76,33,25,36.300000000000004,36.300000000000004,36.300000000000004,36.300000000000004,33.0,33.0,33.0,33.0
76,33,26,33.0,33.0,33.0,33.0,33.0,33.0,33.0,33.0
93,32,16,32.0,32.0,32.0,32.0,32.0,32.0,32.0,32.0
93,32,17,32.0,32.0,32.0,32.0,32.0,32.0,32.0,32.0
93,32,18,32.0,32.0,32.0,32.0,32.0,32.0,32.0,32.0
93,32,19,32.0,32.0,32.0,32.0,32.0,32.0,32.0,32.0
93,32,20,32.0,32.0,32.0,32.0,32.0,32.0,32.0,32.0
93,32,21,32.0,32.0,32.0,32.0,32.0,32.0,32.0,32.0
93,32,22,32.0,32.0,32.0,32.0,32.0,32.0,32.0,32.0
93,32,23,32.0,35.2,35.2,32.0,32.0,32.0,32.0,32.0
93,32,24,32.0,32.0,32.0,32.0,32.0,32.0,32.0,32.0
93,32,25,32.0,32.0,32.0,32.0,32.0,32.0,32.0,32.0
93,32,26,32.0,32.0,32.0,32.0,32.0,32.0,32.0,32.0
94,14.0,16,14.0,14.0,14.0,14.0,14.0,14.0,14.0,14.0
94,14.0,17,14.0,14.0,14.0,14.0,14.0,14.0,14.0,14.0
94,14.0,18,14.0,14.0,14.0,14.0,14.0,14.0,14.0,14.0
94,14.0,19,14.0,14.0,14.0,14.0,14.0,14.0,14.0,14.0
94,14.0,20,14.0,14.0,14.0,14.0,14.0,14.0,14.0,14.0
94,14.0,21,14.0,14.0,14.0,14.0,14.0,14.0,14.0,14.0
94,14.0,22,14.0,14.0,14.0,14.0,14.0,14.0,14.0,14.0
94,14.0,23,14.0,14.0,14.0,14.0,14.0,14.0,14.0,14.0
94,14.0,24,14.0,14.0,14.0,14.0,14.0,14.0,14.0,14.0
94,14.0,25,14.0,14.0,14.0,14.0,14.0,14.0,14.0,14.0
94,14.0,26,14.0,14.0,14.0,14.0,14.0,14.0,14.0,14.0
98,10.0,16,10.0,10.0,10.0,10.0,10.0,10.0,10.0,10.0
98,10.0,17,10.0,10.0,10.0,10.0,10.0,10.0,10.0,10.0
98,10.0,18,10.0,10.0,10.0,10.0,10.0,10.0,10.0,10.0
98,10.0,19,10.0,10.0,10.0,10.0,10.0,10.0,10.0,10.0
98,10.0,20,10.0,10.0,10.0,10.0,10.0,10.0,10.0,10.0
98,10.0,21,10.0,10.0,10.0,10.0,10.0,10.0,10.0,10.0
98,10.0,22,10.0,10.0,10.0,10.0,10.0,10.0,10.0,10.0
98,10.0,23,10.0,10.0,10.0,10.0,10.0,10.0,10.0,10.0
98,10.0,24,10.0,10.0,10.0,10.0,10.0,10.0,10.0,10.0
98,10.0,25,10.0,10.0,10.0,10.0,10.0,10.0,10.0,10.0
98,10.0,26,10.0,10.0,10.0,10.0,10.0,10.0,10.0,10.0
99,10.0,16,10.0,10.0,10.0,10.0,10.0,10.0,10.0,10.0
99,10.0,17,10.0,10.0,10.0,10.0,10.0,10.0,10.0,10.0
99,10.0,18,10.0,10.0,10.0,10.0,10.0,10.0,10.0,10.0
99,10.0,19,10.0,10.0,10.0,10.0,10.0,10.0,10.0,10.0
99,10.0,20,10.0,10.0,10.0,10.0,10.0,10.0,10.0,10.0
99,10.0,21,10.0,10.0,10.0,10.0,10.0,10.0,10.0,10.0
99,10.0,22,10.0,10.0,10.0,10.0,10.0,10.0,10.0,10.0
99,10.0,23,10.0,10.0,10.0,10.0,10.0,10.0,10.0,10.0
99,10.0,24,10.0,10.0,10.0,10.0,10.0,10.0,10.0,10.0
99,10.0,25,10.0,10.0,10.0,10.0,10.0,10.0,10.0,10.0
99,10.0,26,10.0,10.0,10.0,10.0,10.0,10.0,10.0,10.0
100,35.0,16,35.0,35.0,35.0,35.0,35.0,35.0,35.0,35.0
100,35.0,17,35.0,35.0,35.0,35.0,35.0,35.0,35.0,35.0
100,35.0,18,35.0,35.0,35.0,35.0,35.0,35.0,35.0,35.0
100,35.0,19,35.0,35.0,35.0,35.0,35.0,35.0,35.0,35.0
100,35.0,20,35.0,35.0,35.0,35.0,35.0,35.0,35.0,35.0
100,35.0,21,35.0,35.0,35.0,35.0,35.0,35.0,35.0,35.0
100,35.0,22,35.0,35.0,35.0,35.0,35.0,35.0,35.0,35.0
100,35.0,23,35.0,35.0,35.0,35.0,35.0,35.0,35.0,35.0
100,35.0,24,35.0,35.0,35.0,35.0,35.0,35.0,35.0,35.0
100,35.0,25,35.0,35.0,35.0,35.0,35.0,35.0,35.0,35.0
100,35.0,26,35.0,35.0,35.0,35.0,35.0,35.0,35.0,35.0
102,10.0,16,10.0,10.0,10.0,10.0,10.0,10.0,10.0,10.0
102,10.0,17,10.0,10.0,10.0,10.0,10.0,10.0,10.0,10.0
102,10.0,18,10.0,10.0,10.0,10.0,10.0,10.0,10.0,10.0
102,10.0,19,10.0,10.0,10.0,10.0,10.0,10.0,10.0,10.0
102,10.0,20,10.0,10.0,10.0,10.0,10.0,10.0,10.0,10.0
102,10.0,21,10.0,10.0,10.0,10.0,10.0,10.0,10.0,10.0
102,10.0,22,10.0,10.0,10.0,10.0,10.0,10.0,10.0,10.0
102,10.0,23,10.0,10.0,10.0,10.0,10.0,10.0,10.0,10.0
102,10.0,24,10.0,10.0,10.0,10.0,10.0,10.0,10.0,10.0
102,10.0,25,10.0,10.0,10.0,10.0,10.0,10.0,10.0,10.0
102,10.0,26,10.0,10.0,10.0,10.0,10.0,10.0,10.0,10.0
103,10.0,16,10.0,10.0,10.0,10.0,10.0,10.0,10.0,10.0
103,10.0,17,10.0,10.0,10.0,10.0,10.0,10.0,10.0,10.0
103,10.0,18,10.0,10.0,10.0,10.0,10.0,10.0,10.0,10.0
103,10.0,19,10.0,10.0,10.0,10.0,10.0,10.0,10.0,10.0
103,10.0,20,10.0,10.0,10.0,10.0,10.0,10.0,10.0,10.0
103,10.0,21,10.0,10.0,10.0,10.0,10.0,10.0,10.0,10.0
103,10.0,22,10.0,10.0,10.0,10.0,10.0,10.0,10.0,10.0
103,10.0,23,10.0,10.0,10.0,10.0,10.0,10.0,10.0,10.0
103,10.0,24,10.0,10.0,10.0,10.0,10.0,10.0,10.0,10.0
103,10.0,25,10.0,10.0,10.0,10.0,10.0,10.0,10.0,10.0
103,10.0,26,10.0,10.0,10.0,10.0,10.0,10.0,10.0,10.0
104,10.0,16,10.0,10.0,10.0,10.0,10.0,10.0,10.0,10.0
104,10.0,17,10.0,10.0,10.0,10.0,10.0,10.0,10.0,10.0
104,10.0,18,10.0,10.0,10.0,10.0,10.0,10.0,10.0,10.0
104,10.0,19,10.0,10.0,10.0,10.0,10.0,10.0,10.0,10.0
104,10.0,20,10.0,10.0,10.0,10.0,10.0,10.0,10.0,10.0
104,10.0,21,10.0,10.0,10.0,10.0,10.0,10.0,10.0,10.0
104,10.0,22,10.0,10.0,10.0,10.0,10.0,10.0,10.0,10.0
104,10.0,23,10.0,10.0,10.0,10.0,10.0,10.0,10.0,10.0
104,10.0,24,10.0,10.0,10.0,10.0,10.0,10.0,10.0,10.0
104,10.0,25,10.0,10.0,10.0,10.0,10.0,10.0,10.0,10.0
104,10.0,26,10.0,10.0,10.0,10.0,10.0,10.0,10.0,10.0
105,25.0,16,25.0,25.0,25.0,25.0,25.0,25.0,25.0,25.0
105,25.0,17,25.0,25.0,25.0,25.0,25.0,25.0,25.0,25.0
105,25.0,18,25.0,25.0,25.0,25.0,25.0,25.0,25.0,25.0
105,25.0,19,25.0,25.0,25.0,25.0,25.0,25.0,25.0,25.0
105,25.0,20,25.0,25.0,25.0,25.0,25.0,25.0,25.0,25.0
105,25.0,21,25.0,25.0,25.0,25.0,25.0,25.0,25.0,25.0
105,25.0,22,25.0,25.0,25.0,25.0,25.0,25.0,25.0,25.0
105,25.0,23,25.0,25.0,25.0,25.0,25.0,25.0,25.0,25.0
105,25.0,24,25.0,25.0,25.0,25.0,25.0,25.0,25.0,25.0
105,25.0,25,25.0,25.0,25.0,25.0,25.0,25.0,25.0,25.0
105,25.0,26,25.0,25.0,25.0,25.0,25.0,25.0,25.0,25.0
107,10,16,10.0,10.0,10.0,10.0,10.0,10.0,10.0,10.0
107,10,17,10.0,11.0,11.0,10.0,10.0,10.0,10.0,10.0
107,10,18,10.0,11.0,10.0,10.0,10.0,10.0,10.0,10.0
107,10,19,10.0,10.0,10.0,10.0,10.0,10.0,10.0,10.0
107,10,20,10.0,10.0,10.0,10.0,10.0,10.0,10.0,10.0
107,10,21,10.0,10.0,11.0,10.0,10.0,10.0,10.0,10.0
107,10,22,10.0,11.0,11.0,11.0,10.0,10.0,10.0,10.0
107,10,23,10.0,11.0,11.0,11.0,10.0,10.0,10.0,10.0
107,10,24,10.0,11.0,11.0,11.0,10.0,10.0,10.0,10.0
107,10,25,10.0,10.0,10.0,10.0,10.0,10.0,10.0,10.0
107,10,26,10.0,10.0,10.0,10.0,10.0,10.0,10.0,10.0
108,20,16,20.0,20.0,20.0,20.0,20.0,20.0,20.0,20.0
108,20,17,20.0,22.0,20.0,20.0,20.0,20.0,20.0,20.0
108,20,18,20.0,20.0,20.0,20.0,20.0,20.0,20.0,20.0
108,20,19,20.0,20.0,20.0,20.0,20.0,20.0,20.0,20.0
108,20,20,20.0,20.0,20.0,20.0,20.0,20.0,20.0,20.0
108,20,21,20.0,20.0,20.0,20.0,20.0,20.0,20.0,20.0
108,20,22,20.0,20.0,20.0,20.0,20.0,20.0,20.0,20.0
108,20,23,20.0,22.0,22.0,22.0,20.0,20.0,20.0,20.0
108,20,24,20.0,22.0,22.0,20.0,20.0,20.0,20.0,20.0
108,20,25,20.0,20.0,20.0,20.0,20.0,20.0,20.0,20.0
108,20,26,20.0,20.0,20.0,20.0,20.0,20.0,20.0,20.0
123,8,16,8.0,8.0,8.0,8.0,8.0,8.0,8.0,8.0
123,8,17,8.8,8.8,8.8,8.8,8.0,8.0,8.0,8.0
123,8,18,8.0,8.8,8.8,8.0,8.0,8.0,8.0,8.0
123,8,19,8.0,8.0,8.0,8.0,8.0,8.0,8.0,8.0
123,8,20,8.0,8.0,8.0,8.0,8.0,8.0,8.0,8.0
123,8,21,8.0,8.0,8.0,8.0,8.0,8.0,8.0,8.0
123,8,22,8.0,8.0,8.0,8.0,8.0,8.0,8.0,8.0
123,8,23,8.0,8.8,8.0,8.0,8.0,8.0,8.0,8.0
123,8,24,8.0,8.8,8.0,8.0,8.0,8.0,8.0,8.0
123,8,25,8.0,8.0,8.0,8.0,8.0,8.0,8.0,8.0
123,8,26,8.0,8.0,8.0,8.0,8.0,8.0,8.0,8.0
124,25,16,25.0,25.0,25.0,25.0,25.0,25.0,25.0,25.0
124,25,17,25.0,25.0,25.0,25.0,25.0,25.0,25.0,25.0
124,25,18,25.0,25.0,25.0,25.0,25.0,25.0,25.0,25.0
124,25,19,25.0,25.0,25.0,25.0,25.0,25.0,25.0,25.0
124,25,20,25.0,27.500000000000004,27.500000000000004,27.500000000000004,25.0,25.0,25.0,25.0
124,25,21,27.500000000000004,27.500000000000004,27.500000000000004,27.500000000000004,25.0,25.0,25.0,25.0
124,25,22,27.500000000000004,27.500000000000004,27.500000000000004,27.500000000000004,25.0,25.0,25.0,25.0
124,25,23,25.0,27.500000000000004,27.500000000000004,27.500000000000004,25.0,25.0,25.0,25.0
124,25,24,25.0,25.0,25.0,25.0,25.0,25.0,25.0,25.0
124,25,25,25.0,25.0,25.0,25.0,25.0,25.0,25.0,25.0
124,25,26,25.0,25.0,25.0,25.0,25.0,25.0,25.0,25.0
125,35.0,16,35.0,35.0,35.0,35.0,35.0,35.0,35.0,35.0
125,35.0,17,35.0,35.0,35.0,35.0,35.0,35.0,35.0,35.0
125,35.0,18,35.0,35.0,35.0,35.0,35.0,35.0,35.0,35.0
125,35.0,19,35.0,35.0,35.0,35.0,35.0,35.0,35.0,35.0
125,35.0,20,35.0,35.0,35.0,35.0,35.0,35.0,35.0,35.0
125,35.0,21,35.0,35.0,35.0,35.0,35.0,35.0,35.0,35.0
125,35.0,22,35.0,35.0,35.0,35.0,35.0,35.0,35.0,35.0
125,35.0,23,35.0,35.0,35.0,35.0,35.0,35.0,35.0,35.0
125,35.0,24,35.0,35.0,35.0,35.0,35.0,35.0,35.0,35.0
125,35.0,25,35.0,35.0,35.0,35.0,35.0,35.0,35.0,35.0
125,35.0,26,35.0,35.0,35.0,35.0,35.0,35.0,35.0,35.0
126,40.0,16,40.0,40.0,40.0,40.0,40.0,40.0,40.0,40.0
126,40.0,17,40.0,40.0,40.0,40.0,40.0,40.0,40.0,40.0
126,40.0,18,40.0,40.0,40.0,40.0,40.0,40.0,40.0,40.0
126,40.0,19,40.0,40.0,40.0,40.0,40.0,40.0,40.0,40.0
126,40.0,20,40.0,40.0,40.0,40.0,40.0,40.0,40.0,40.0
126,40.0,21,40.0,40.0,40.0,40.0,40.0,40.0,40.0,40.0
126,40.0,22,40.0,40.0,40.0,40.0,40.0,40.0,40.0,40.0
126,40.0,23,40.0,40.0,40.0,40.0,40.0,40.0,40.0,40.0
126,40.0,24,40.0,40.0,40.0,40.0,40.0,40.0,40.0,40.0
126,40.0,25,40.0,40.0,40.0,40.0,40.0,40.0,40.0,40.0
126,40.0,26,40.0,40.0,40.0,40.0,40.0,40.0,40.0,40.0
127,55.0,16,55.0,55.0,55.0,55.0,55.0,55.0,55.0,55.0
127,55.0,17,55.0,55.0,55.0,55.0,55.0,55.0,55.0,55.0
127,55.0,18,55.0,55.0,55.0,55.0,55.0,55.0,55.0,55.0
127,55.0,19,55.0,55.0,55.0,55.0,55.0,55.0,55.0,55.0
127,55.0,20,55.0,55.0,55.0,55.0,55.0,55.0,55.0,55.0
127,55.0,21,55.0,55.0,55.0,55.0,55.0,55.0,55.0,55.0
127,55.0,22,55.0,55.0,55.0,55.0,55.0,55.0,55.0,55.0
127,55.0,23,55.0,55.0,55.0,55.0,55.0,55.0,55.0,55.0
127,55.0,24,55.0,55.0,55.0,55.0,55.0,55.0,55.0,55.0
127,55.0,25,55.0,55.0,55.0,55.0,55.0,55.0,55.0,55.0
127,55.0,26,55.0,55.0,55.0,55.0,55.0,55.0,55.0,55.0
128,25,16,25.0,25.0,25.0,25.0,25.0,25.0,25.0,25.0
128,25,17,25.0,25.0,25.0,25.0,25.0,25.0,25.0,25.0
128,25,18,25.0,25.0,25.0,25.0,25.0,25.0,25.0,25.0
128,25,19,25.0,25.0,25.0,25.0,25.0,25.0,25.0,25.0
128,25,20,25.0,27.500000000000004,27.500000000000004,27.500000000000004,25.0,25.0,25.0,25.0
128,25,21,27.500000000000004,27.500000000000004,27.500000000000004,27.500000000000004,25.0,25.0,25.0,25.0
128,25,22,27.500000000000004,27.500000000000004,27.500000000000004,27.500000000000004,25.0,25.0,25.0,25.0
128,25,23,27.500000000000004,27.500000000000004,27.500000000000004,27.500000000000004,25.0,25.0,25.0,25.0
128,25,24,27.500000000000004,27.500000000000004,27.500000000000004,27.500000000000004,25.0,25.0,25.0,25.0
128,25,25,25.0,27.500000000000004,27.500000000000004,27.500000000000004,25.0,25.0,25.0,25.0
128,25,26,25.0,25.0,25.0,25.0,25.0,25.0,25.0,25.0
129,16.0,16,16.0,16.0,16.0,16.0,16.0,16.0,16.0,16.0
129,16.0,17,16.0,16.0,16.0,16.0,16.0,16.0,16.0,16.0
129,16.0,18,16.0,16.0,16.0,16.0,16.0,16.0,16.0,16.0
129,16.0,19,16.0,16.0,16.0,16.0,16.0,16.0,16.0,16.0
129,16.0,20,16.0,16.0,16.0,16.0,16.0,16.0,16.0,16.0
129,16.0,21,16.0,16.0,16.0,16.0,16.0,16.0,16.0,16.0
129,16.0,22,16.0,16.0,16.0,16.0,16.0,16.0,16.0,16.0
129,16.0,23,16.0,16.0,16.0,16.0,16.0,16.0,16.0,16.0
129,16.0,24,16.0,16.0,16.0,16.0,16.0,16.0,16.0,16.0
129,16.0,25,16.0,16.0,16.0,16.0,16.0,16.0,16.0,16.0
129,16.0,26,16.0,16.0,16.0,16.0,16.0,16.0,16.0,16.0
130,21,16,21.0,21.0,21.0,21.0,21.0,21.0,21.0,21.0
130,21,17,21.0,21.0,21.0,21.0,21.0,21.0,21.0,21.0
130,21,18,21.0,21.0,21.0,21.0,21.0,21.0,21.0,21.0
130,21,19,21.0,21.0,21.0,21.0,21.0,21.0,21.0,21.0
130,21,20,21.0,23.1,23.1,21.0,21.0,21.0,21.0,21.0
130,21,21,21.0,23.1,23.1,23.1,21.0,21.0,21.0,21.0
130,21,22,23.1,23.1,23.1,21.0,21.0,21.0,21.0,21.0
130,21,23,23.1,23.1,23.1,23.1,21.0,21.0,21.0,21.0
130,21,24,23.1,23.1,23.1,23.1,21.0,21.0,21.0,21.0
130,21,25,21.0,21.0,21.0,21.0,21.0,21.0,21.0,21.0
130,21,26,21.0,21.0,21.0,21.0,21.0,21.0,21.0,21.0
131,21.0,16,21.0,21.0,21.0,21.0,21.0,21.0,21.0,21.0
131,21.0,17,21.0,21.0,21.0,21.0,21.0,21.0,21.0,21.0
131,21.0,18,21.0,21.0,21.0,21.0,21.0,21.0,21.0,21.0
131,21.0,19,21.0,21.0,21.0,21.0,21.0,21.0,21.0,21.0
131,21.0,20,21.0,21.0,21.0,21.0,21.0,21.0,21.0,21.0
131,21.0,21,21.0,21.0,21.0,21.0,21.0,21.0,21.0,21.0
131,21.0,22,21.0,21.0,21.0,21.0,21.0,21.0,21.0,21.0
131,21.0,23,21.0,21.0,21.0,21.0,21.0,21.0,21.0,21.0
131,21.0,24,21.0,21.0,21.0,21.0,21.0,21.0,21.0,21.0
131,21.0,25,21.0,21.0,21.0,21.0,21.0,21.0,21.0,21.0
131,21.0,26,21.0,21.0,21.0,21.0,21.0,21.0,21.0,21.0
132,21.0,16,21.0,21.0,21.0,21.0,21.0,21.0,21.0,21.0
132,21.0,17,21.0,21.0,21.0,21.0,21.0,21.0,21.0,21.0
132,21.0,18,21.0,21.0,21.0,21.0,21.0,21.0,21.0,21.0
132,21.0,19,21.0,21.0,21.0,21.0,21.0,21.0,21.0,21.0
132,21.0,20,21.0,21.0,21.0,21.0,21.0,21.0,21.0,21.0
132,21.0,21,21.0,21.0,21.0,21.0,21.0,21.0,21.0,21.0
132,21.0,22,21.0,21.0,21.0,21.0,21.0,21.0,21.0,21.0
132,21.0,23,21.0,21.0,21.0,21.0,21.0,21.0,21.0,21.0
132,21.0,24,21.0,21.0,21.0,21.0,21.0,21.0,21.0,21.0
132,21.0,25,21.0,21.0,21.0,21.0,21.0,21.0,21.0,21.0
132,21.0,26,21.0,21.0,21.0,21.0,21.0,21.0,21.0,21.0
133,21.0,16,21.0,21.0,21.0,21.0,21.0,21.0,21.0,21.0
133,21.0,17,21.0,21.0,21.0,21.0,21.0,21.0,21.0,21.0
133,21.0,18,21.0,21.0,21.0,21.0,21.0,21.0,21.0,21.0
133,21.0,19,21.0,21.0,21.0,21.0,21.0,21.0,21.0,21.0
133,21.0,20,21.0,21.0,21.0,21.0,21.0,21.0,21.0,21.0
133,21.0,21,21.0,21.0,21.0,21.0,21.0,21.0,21.0,21.0
133,21.0,22,21.0,21.0,21.0,21.0,21.0,21.0,21.0,21.0
133,21.0,23,21.0,21.0,21.0,21.0,21.0,21.0,21.0,21.0
133,21.0,24,21.0,21.0,21.0,21.0,21.0,21.0,21.0,21.0
133,21.0,25,21.0,21.0,21.0,21.0,21.0,21.0,21.0,21.0
133,21.0,26,21.0,21.0,21.0,21.0,21.0,21.0,21.0,21.0
134,15,16,15.0,15.0,15.0,15.0,15.0,15.0,15.0,15.0
134,15,17,15.0,15.0,15.0,15.0,15.0,15.0,15.0,15.0
134,15,18,15.0,15.0,15.0,15.0,15.0,15.0,15.0,15.0
134,15,19,15.0,15.0,15.0,15.0,15.0,15.0,15.0,15.0
134,15,20,15.0,16.5,16.5,15.0,15.0,15.0,15.0,15.0
134,15,21,15.0,16.5,16.5,15.0,15.0,15.0,15.0,15.0
134,15,22,16.5,16.5,16.5,16.5,15.0,15.0,15.0,15.0
134,15,23,16.5,16.5,16.5,16.5,15.0,15.0,15.0,15.0
134,15,24,16.5,16.5,16.5,16.5,15.0,15.0,15.0,15.0
134,15,25,16.5,16.5,16.5,16.5,15.0,15.0,15.0,15.0
134,15,26,15.0,15.0,15.0,15.0,15.0,15.0,15.0,15.0
135,21,16,21.0,21.0,21.0,21.0,21.0,21.0,21.0,21.0
135,21,17,21.0,21.0,21.0,21.0,21.0,21.0,21.0,21.0
135,21,18,21.0,21.0,21.0,21.0,21.0,21.0,21.0,21.0
135,21,19,21.0,21.0,21.0,21.0,21.0,21.0,21.0,21.0
135,21,20,21.0,21.0,21.0,21.0,21.0,21.0,21.0,21.0
135,21,21,21.0,21.0,21.0,21.0,21.0,21.0,21.0,21.0
135,21,22,21.0,23.1,21.0,21.0,21.0,21.0,21.0,21.0
135,21,23,23.1,23.1,21.0,23.1,21.0,21.0,21.0,21.0
135,21,24,21.0,23.1,23.1,21.0,21.0,21.0,21.0,21.0
135,21,25,21.0,21.0,21.0,21.0,21.0,21.0,21.0,21.0
135,21,26,21.0,21.0,21.0,21.0,21.0,21.0,21.0,21.0
136,25.0,16,25.0,25.0,25.0,25.0,25.0,25.0,25.0,25.0
136,25.0,17,25.0,25.0,25.0,25.0,25.0,25.0,25.0,25.0
136,25.0,18,25.0,25.0,25.0,25.0,25.0,25.0,25.0,25.0
136,25.0,19,25.0,25.0,25.0,25.0,25.0,25.0,25.0,25.0
136,25.0,20,25.0,25.0,25.0,25.0,25.0,25.0,25.0,25.0
136,25.0,21,25.0,25.0,25.0,25.0,25.0,25.0,25.0,25.0
136,25.0,22,25.0,25.0,25.0,25.0,25.0,25.0,25.0,25.0
136,25.0,23,25.0,25.0,25.0,25.0,25.0,25.0,25.0,25.0
136,25.0,24,25.0,25.0,25.0,25.0,25.0,25.0,25.0,25.0
136,25.0,25,25.0,25.0,25.0,25.0,25.0,25.0,25.0,25.0
136,25.0,26,25.0,25.0,25.0,25.0,25.0,25.0,25.0,25.0
137,30.0,16,30.0,30.0,30.0,30.0,30.0,30.0,30.0,30.0
137,30.0,17,30.0,30.0,30.0,30.0,30.0,30.0,30.0,30.0
137,30.0,18,30.0,30.0,30.0,30.0,30.0,30.0,30.0,30.0
137,30.0,19,30.0,30.0,30.0,30.0,30.0,30.0,30.0,30.0
137,30.0,20,30.0,30.0,30.0,30.0,30.0,30.0,30.0,30.0
137,30.0,21,30.0,30.0,30.0,30.0,30.0,30.0,30.0,30.0
137,30.0,22,30.0,30.0,30.0,30.0,30.0,30.0,30.0,30.0
137,30.0,23,30.0,30.0,30.0,30.0,30.0,30.0,30.0,30.0
137,30.0,24,30.0,30.0,30.0,30.0,30.0,30.0,30.0,30.0
137,30.0,25,30.0,30.0,30.0,30.0,30.0,30.0,30.0,30.0
137,30.0,26,30.0,30.0,30.0,30.0,30.0,30.0,30.0,30.0
138,22,16,22.0,22.0,22.0,22.0,22.0,22.0,22.0,22.0
138,22,17,22.0,22.0,22.0,22.0,22.0,22.0,22.0,22.0
138,22,18,22.0,22.0,22.0,22.0,22.0,22.0,22.0,22.0
138,22,19,22.0,22.0,22.0,22.0,22.0,22.0,22.0,22.0
138,22,20,22.0,22.0,22.0,22.0,22.0,22.0,22.0,22.0
138,22,21,22.0,22.0,22.0,22.0,22.0,22.0,22.0,22.0
138,22,22,24.200000000000003,24.200000000000003,24.200000000000003,24.200000000000003,22.0,22.0,22.0,22.0
138,22,23,24.200000000000003,24.200000000000003,24.200000000000003,24.200000000000003,22.0,22.0,22.0,22.0
138,22,24,24.200000000000003,24.200000000000003,24.200000000000003,24.200000000000003,22.0,22.0,22.0,22.0
138,22,25,22.0,22.0,22.0,22.0,22.0,22.0,22.0,22.0
138,22,26,22.0,22.0,22.0,22.0,22.0,22.0,22.0,22.0
139,21,16,21.0,21.0,21.0,21.0,21.0,21.0,21.0,21.0
139,21,17,21.0,21.0,21.0,21.0,21.0,21.0,21.0,21.0
139,21,18,21.0,21.0,21.0,21.0,21.0,21.0,21.0,21.0
139,21,19,21.0,21.0,21.0,21.0,21.0,21.0,21.0,21.0
139,21,20,21.0,21.0,21.0,21.0,21.0,21.0,21.0,21.0
139,21,21,21.0,21.0,21.0,21.0,21.0,21.0,21.0,21.0
139,21,22,21.0,21.0,21.0,21.0,21.0,21.0,21.0,21.0
139,21,23,21.0,21.0,23.1,21.0,21.0,21.0,21.0,21.0
139,21,24,21.0,21.0,21.0,23.1,21.0,21.0,21.0,21.0
139,21,25,21.0,21.0,21.0,21.0,21.0,21.0,21.0,21.0
139,21,26,21.0,21.0,21.0,21.0,21.0,21.0,21.0,21.0
140,26,16,26.0,26.0,26.0,26.0,26.0,26.0,26.0,26.0
140,26,17,26.0,26.0,26.0,26.0,26.0,26.0,26.0,26.0
140,26,18,26.0,26.0,26.0,26.0,26.0,26.0,26.0,26.0
140,26,19,26.0,26.0,26.0,26.0,26.0,26.0,26.0,26.0
140,26,20,26.0,26.0,26.0,26.0,26.0,26.0,26.0,26.0
140,26,21,26.0,26.0,26.0,26.0,26.0,26.0,26.0,26.0
140,26,22,26.0,28.6,26.0,28.6,26.0,26.0,26.0,26.0
140,26,23,26.0,28.6,28.6,28.6,26.0,26.0,26.0,26.0
140,26,24,26.0,28.6,28.6,28.6,26.0,26.0,26.0,26.0
140,26,25,26.0,26.0,26.0,26.0,26.0,26.0,26.0,26.0
140,26,26,26.0,26.0,26.0,26.0,26.0,26.0,26.0,26.0
141,40,16,40.0,40.0,40.0,40.0,40.0,40.0,40.0,40.0
141,40,17,40.0,40.0,40.0,40.0,40.0,40.0,40.0,40.0
141,40,18,40.0,40.0,40.0,40.0,40.0,40.0,40.0,40.0
141,40,19,40.0,40.0,40.0,40.0,40.0,40.0,40.0,40.0
141,40,20,40.0,40.0,40.0,40.0,40.0,40.0,40.0,40.0
141,40,21,40.0,40.0,40.0,40.0,40.0,40.0,40.0,40.0
141,40,22,40.0,44.0,44.0,40.0,40.0,40.0,40.0,40.0
141,40,23,40.0,44.0,44.0,44.0,40.0,40.0,40.0,40.0
141,40,24,40.0,40.0,44.0,40.0,40.0,40.0,40.0,40.0
141,40,25,40.0,40.0,40.0,40.0,40.0,40.0,40.0,40.0
141,40,26,40.0,40.0,40.0,40.0,40.0,40.0,40.0,40.0
142,25,16,25.0,25.0,25.0,25.0,25.0,25.0,25.0,25.0
142,25,17,25.0,25.0,25.0,25.0,25.0,25.0,25.0,25.0
142,25,18,25.0,25.0,25.0,25.0,25.0,25.0,25.0,25.0
142,25,19,25.0,25.0,25.0,25.0,25.0,25.0,25.0,25.0
142,25,20,25.0,27.500000000000004,27.500000000000004,27.500000000000004,25.0,25.0,25.0,25.0
142,25,21,25.0,27.500000000000004,27.500000000000004,27.500000000000004,25.0,25.0,25.0,25.0
142,25,22,27.500000000000004,27.500000000000004,27.500000000000004,27.500000000000004,25.0,25.0,25.0,25.0
142,25,23,27.500000000000004,27.500000000000004,27.500000000000004,27.500000000000004,25.0,25.0,25.0,25.0
142,25,24,27.500000000000004,27.500000000000004,27.500000000000004,27.500000000000004,25.0,25.0,25.0,25.0
142,25,25,25.0,25.0,25.0,25.0,25.0,25.0,25.0,25.0
142,25,26,25.0,25.0,25.0,25.0,25.0,25.0,25.0,25.0
143,16.0,16,16.0,16.0,16.0,16.0,16.0,16.0,16.0,16.0
143,16.0,17,16.0,16.0,16.0,16.0,16.0,16.0,16.0,16.0
143,16.0,18,16.0,16.0,16.0,16.0,16.0,16.0,16.0,16.0
143,16.0,19,16.0,16.0,16.0,16.0,16.0,16.0,16.0,16.0
143,16.0,20,16.0,16.0,16.0,16.0,16.0,16.0,16.0,16.0
143,16.0,21,16.0,16.0,16.0,16.0,16.0,16.0,16.0,16.0
143,16.0,22,16.0,16.0,16.0,16.0,16.0,16.0,16.0,16.0
143,16.0,23,16.0,16.0,16.0,16.0,16.0,16.0,16.0,16.0
143,16.0,24,16.0,16.0,16.0,16.0,16.0,16.0,16.0,16.0
143,16.0,25,16.0,16.0,16.0,16.0,16.0,16.0,16.0,16.0
143,16.0,26,16.0,16.0,16.0,16.0,16.0,16.0,16.0,16.0
144,20.0,16,20.0,20.0,20.0,20.0,20.0,20.0,20.0,20.0
144,20.0,17,20.0,20.0,20.0,20.0,20.0,20.0,20.0,20.0
144,20.0,18,20.0,20.0,20.0,20.0,20.0,20.0,20.0,20.0
144,20.0,19,20.0,20.0,20.0,20.0,20.0,20.0,20.0,20.0
144,20.0,20,20.0,20.0,20.0,20.0,20.0,20.0,20.0,20.0
144,20.0,21,20.0,20.0,20.0,20.0,20.0,20.0,20.0,20.0
144,20.0,22,20.0,20.0,20.0,20.0,20.0,20.0,20.0,20.0
144,20.0,23,20.0,20.0,20.0,20.0,20.0,20.0,20.0,20.0
144,20.0,24,20.0,20.0,20.0,20.0,20.0,20.0,20.0,20.0
144,20.0,25,20.0,20.0,20.0,20.0,20.0,20.0,20.0,20.0
144,20.0,26,20.0,20.0,20.0,20.0,20.0,20.0,20.0,20.0
145,40.0,16,40.0,40.0,40.0,40.0,40.0,40.0,40.0,40.0
145,40.0,17,40.0,40.0,40.0,40.0,40.0,40.0,40.0,40.0
145,40.0,18,40.0,40.0,40.0,40.0,40.0,40.0,40.0,40.0
145,40.0,19,40.0,40.0,40.0,40.0,40.0,40.0,40.0,40.0
145,40.0,20,40.0,40.0,40.0,40.0,40.0,40.0,40.0,40.0
145,40.0,21,40.0,40.0,40.0,40.0,40.0,40.0,40.0,40.0
145,40.0,22,40.0,40.0,40.0,40.0,40.0,40.0,40.0,40.0
145,40.0,23,40.0,40.0,40.0,40.0,40.0,40.0,40.0,40.0
145,40.0,24,40.0,40.0,40.0,40.0,40.0,40.0,40.0,40.0
145,40.0,25,40.0,40.0,40.0,40.0,40.0,40.0,40.0,40.0
145,40.0,26,40.0,40.0,40.0,40.0,40.0,40.0,40.0,40.0
146,85,16,85.0,85.0,85.0,85.0,85.0,85.0,85.0,85.0
146,85,17,85.0,85.0,85.0,85.0,85.0,85.0,85.0,85.0
146,85,18,85.0,85.0,85.0,85.0,85.0,85.0,85.0,85.0
146,85,19,85.0,85.0,85.0,85.0,85.0,85.0,85.0,85.0
146,85,20,85.0,93.50000000000001,93.50000000000001,93.50000000000001,85.0,85.0,93.50000000000001,85.0
146,85,21,85.0,93.50000000000001,93.50000000000001,85.0,85.0,85.0,85.0,85.0
146,85,22,85.0,93.50000000000001,93.50000000000001,85.0,85.0,85.0,85.0,85.0
146,85,23,85.0,93.50000000000001,85.0,85.0,85.0,85.0,85.0,85.0
146,85,24,85.0,85.0,85.0,85.0,85.0,85.0,85.0,85.0
146,85,25,85.0,85.0,85.0,85.0,85.0,85.0,85.0,85.0
146,85,26,85.0,85.0,85.0,85.0,85.0,85.0,85.0,85.0
147,75.0,16,75.0,75.0,75.0,75.0,75.0,75.0,75.0,75.0
147,75.0,17,75.0,75.0,75.0,75.0,75.0,75.0,75.0,75.0
147,75.0,18,75.0,75.0,75.0,75.0,75.0,75.0,75.0,75.0
147,75.0,19,75.0,75.0,75.0,75.0,75.0,75.0,75.0,75.0
147,75.0,20,75.0,75.0,75.0,75.0,75.0,75.0,75.0,75.0
147,75.0,21,75.0,75.0,75.0,75.0,75.0,75.0,75.0,75.0
147,75.0,22,75.0,75.0,75.0,75.0,75.0,75.0,75.0,75.0
147,75.0,23,75.0,75.0,75.0,75.0,75.0,75.0,75.0,75.0
147,75.0,24,75.0,75.0,75.0,75.0,75.0,75.0,75.0,75.0
147,75.0,25,75.0,75.0,75.0,75.0,75.0,75.0,75.0,75.0
147,75.0,26,75.0,75.0,75.0,75.0,75.0,75.0,75.0,75.0
148,90,16,90.0,90.0,90.0,90.0,90.0,90.0,90.0,90.0
148,90,17,90.0,90.0,90.0,90.0,90.0,90.0,90.0,90.0
148,90,18,90.0,90.0,90.0,90.0,90.0,90.0,90.0,90.0
148,90,19,90.0,90.0,90.0,90.0,90.0,90.0,90.0,90.0
148,90,20,90.0,99.00000000000001,99.00000000000001,99.00000000000001,90.0,90.0,90.0,90.0
148,90,21,90.0,99.00000000000001,99.00000000000001,90.0,90.0,90.0,90.0,90.0
148,90,22,90.0,99.00000000000001,99.00000000000001,90.0,90.0,90.0,90.0,90.0
148,90,23,90.0,99.00000000000001,99.00000000000001,90.0,90.0,90.0,90.0,90.0
148,90,24,90.0,90.0,90.0,90.0,90.0,90.0,90.0,90.0
148,90,25,90.0,90.0,90.0,90.0,90.0,90.0,90.0,90.0
148,90,26,90.0,90.0,90.0,90.0,90.0,90.0,90.0,90.0
149,3.0,16,3.0,3.0,3.0,3.0,3.0,3.0,3.0,3.0
149,3.0,17,3.0,3.0,3.0,3.0,3.0,3.0,3.0,3.0
149,3.0,18,3.0,3.0,3.0,3.0,3.0,3.0,3.0,3.0
149,3.0,19,3.0,3.0,3.0,3.0,3.0,3.0,3.0,3.0
149,3.0,20,3.0,3.0,3.0,3.0,3.0,3.0,3.0,3.0
149,3.0,21,3.0,3.0,3.0,3.0,3.0,3.0,3.0,3.0
149,3.0,22,3.0,3.0,3.0,3.0,3.0,3.0,3.0,3.0
149,3.0,23,3.0,3.0,3.0,3.0,3.0,3.0,3.0,3.0
149,3.0,24,3.0,3.0,3.0,3.0,3.0,3.0,3.0,3.0
149,3.0,25,3.0,3.0,3.0,3.0,3.0,3.0,3.0,3.0
149,3.0,26,3.0,3.0,3.0,3.0,3.0,3.0,3.0,3.0
150,6.0,16,6.0,6.0,6.0,6.0,6.0,6.0,6.0,6.0
150,6.0,17,6.0,6.0,6.0,6.0,6.0,6.0,6.0,6.0
150,6.0,18,6.0,6.0,6.0,6.0,6.0,6.0,6.0,6.0
150,6.0,19,6.0,6.0,6.0,6.0,6.0,6.0,6.0,6.0
150,6.0,20,6.0,6.0,6.0,6.0,6.0,6.0,6.0,6.0
150,6.0,21,6.0,6.0,6.0,6.0,6.0,6.0,6.0,6.0
150,6.0,22,6.0,6.0,6.0,6.0,6.0,6.0,6.0,6.0
150,6.0,23,6.0,6.0,6.0,6.0,6.0,6.0,6.0,6.0
150,6.0,24,6.0,6.0,6.0,6.0,6.0,6.0,6.0,6.0
150,6.0,25,6.0,6.0,6.0,6.0,6.0,6.0,6.0,6.0
150,6.0,26,6.0,6.0,6.0,6.0,6.0,6.0,6.0,6.0
151,12,16,12.0,12.0,12.0,12.0,12.0,12.0,12.0,12.0
151,12,17,12.0,12.0,12.0,12.0,12.0,12.0,12.0,12.0
151,12,18,12.0,12.0,12.0,12.0,12.0,12.0,12.0,12.0
151,12,19,12.0,12.0,12.0,12.0,12.0,12.0,12.0,12.0
151,12,20,13.200000000000001,13.200000000000001,13.200000000000001,13.200000000000001,12.0,13.200000000000001,13.200000000000001,12.0
151,12,21,13.200000000000001,13.200000000000001,13.200000000000001,13.200000000000001,12.0,12.0,12.0,12.0
151,12,22,13.200000000000001,13.200000000000001,13.200000000000001,13.200000000000001,12.0,12.0,12.0,12.0
151,12,23,13.200000000000001,13.200000000000001,13.200000000000001,13.200000000000001,12.0,12.0,12.0,12.0
151,12,24,13.200000000000001,13.200000000000001,13.200000000000001,13.200000000000001,12.0,12.0,12.0,12.0
151,12,25,12.0,12.0,12.0,12.0,12.0,12.0,12.0,12.0
151,12,26,12.0,12.0,12.0,12.0,12.0,12.0,12.0,12.0
152,15.0,16,15.0,15.0,15.0,15.0,15.0,15.0,15.0,15.0
152,15.0,17,15.0,15.0,15.0,15.0,15.0,15.0,15.0,15.0
152,15.0,18,15.0,15.0,15.0,15.0,15.0,15.0,15.0,15.0
152,15.0,19,15.0,15.0,15.0,15.0,15.0,15.0,15.0,15.0
152,15.0,20,15.0,15.0,15.0,15.0,15.0,15.0,15.0,15.0
152,15.0,21,15.0,15.0,15.0,15.0,15.0,15.0,15.0,15.0
152,15.0,22,15.0,15.0,15.0,15.0,15.0,15.0,15.0,15.0
152,15.0,23,15.0,15.0,15.0,15.0,15.0,15.0,15.0,15.0
152,15.0,24,15.0,15.0,15.0,15.0,15.0,15.0,15.0,15.0
152,15.0,25,15.0,15.0,15.0,15.0,15.0,15.0,15.0,15.0
152,15.0,26,15.0,15.0,15.0,15.0,15.0,15.0,15.0,15.0
153,17.0,16,17.0,17.0,17.0,17.0,17.0,17.0,17.0,17.0
153,17.0,17,17.0,17.0,17.0,17.0,17.0,17.0,17.0,17.0
153,17.0,18,17.0,17.0,17.0,17.0,17.0,17.0,17.0,17.0
153,17.0,19,17.0,17.0,17.0,17.0,17.0,17.0,17.0,17.0
153,17.0,20,17.0,17.0,17.0,17.0,17.0,17.0,17.0,17.0
153,17.0,21,17.0,17.0,17.0,17.0,17.0,17.0,17.0,17.0
153,17.0,22,17.0,17.0,17.0,17.0,17.0,17.0,17.0,17.0
153,17.0,23,17.0,17.0,17.0,17.0,17.0,17.0,17.0,17.0
153,17.0,24,17.0,17.0,17.0,17.0,17.0,17.0,17.0,17.0
153,17.0,25,17.0,17.0,17.0,17.0,17.0,17.0,17.0,17.0
153,17.0,26,17.0,17.0,17.0,17.0,17.0,17.0,17.0,17.0
154,22,16,22.0,22.0,22.0,22.0,22.0,22.0,22.0,22.0
154,22,17,22.0,22.0,22.0,22.0,22.0,22.0,22.0,22.0
154,22,18,22.0,22.0,22.0,22.0,22.0,22.0,22.0,22.0
154,22,19,22.0,22.0,22.0,22.0,22.0,22.0,22.0,22.0
154,22,20,24.200000000000003,24.200000000000003,24.200000000000003,24.200000000000003,22.0,22.0,22.0,22.0
154,22,21,24.200000000000003,24.200000000000003,24.200000000000003,24.200000000000003,22.0,22.0,22.0,22.0
154,22,22,24.200000000000003,24.200000000000003,24.200000000000003,24.200000000000003,22.0,22.0,22.0,22.0
154,22,23,24.200000000000003,24.200000000000003,24.200000000000003,24.200000000000003,22.0,22.0,22.0,22.0
154,22,24,24.200000000000003,24.200000000000003,24.200000000000003,24.200000000000003,22.0,22.0,22.0,22.0
154,22,25,22.0,24.200000000000003,24.200000000000003,22.0,22.0,22.0,22.0,22.0
154,22,26,22.0,22.0,22.0,22.0,22.0,22.0,22.0,22.0
155,27,16,27.0,27.0,27.0,27.0,27.0,27.0,27.0,27.0
155,27,17,27.0,27.0,27.0,27.0,27.0,27.0,27.0,27.0
155,27,18,27.0,27.0,27.0,27.0,27.0,27.0,27.0,27.0
155,27,19,27.0,27.0,27.0,27.0,27.0,27.0,27.0,27.0
155,27,20,27.0,29.700000000000003,29.700000000000003,29.700000000000003,27.0,27.0,27.0,27.0
155,27,21,27.0,29.700000000000003,29.700000000000003,29.700000000000003,27.0,27.0,27.0,27.0
155,27,22,27.0,29.700000000000003,29.700000000000003,29.700000000000003,27.0,27.0,27.0,27.0
155,27,23,27.0,29.700000000000003,29.700000000000003,29.700000000000003,27.0,27.0,27.0,27.0
155,27,24,27.0,29.700000000000003,29.700000000000003,29.700000000000003,27.0,27.0,27.0,27.0
155,27,25,27.0,27.0,27.0,27.0,27.0,27.0,27.0,27.0
155,27,26,27.0,27.0,27.0,27.0,27.0,27.0,27.0,27.0
156,30,16,30.0,30.0,30.0,30.0,30.0,30.0,30.0,30.0
156,30,17,30.0,30.0,30.0,30.0,30.0,30.0,30.0,30.0
156,30,18,30.0,30.0,30.0,30.0,30.0,30.0,30.0,30.0
156,30,19,30.0,30.0,30.0,30.0,30.0,30.0,30.0,30.0
156,30,20,30.0,33.0,33.0,33.0,30.0,30.0,30.0,30.0
156,30,21,30.0,33.0,33.0,33.0,30.0,30.0,30.0,30.0
156,30,22,30.0,33.0,33.0,33.0,30.0,30.0,30.0,30.0
156,30,23,33.0,33.0,33.0,33.0,30.0,30.0,30.0,30.0
156,30,24,30.0,33.0,33.0,33.0,30.0,30.0,30.0,30.0
156,30,25,30.0,30.0,30.0,30.0,30.0,30.0,30.0,30.0
156,30,26,30.0,30.0,30.0,30.0,30.0,30.0,30.0,30.0
157,32,16,32.0,32.0,32.0,32.0,32.0,32.0,32.0,32.0
157,32,17,32.0,32.0,32.0,32.0,32.0,32.0,32.0,32.0
157,32,18,32.0,32.0,32.0,32.0,32.0,32.0,32.0,32.0
157,32,19,32.0,32.0,32.0,32.0,32.0,32.0,32.0,32.0
157,32,20,32.0,32.0,32.0,32.0,32.0,32.0,32.0,32.0
157,32,21,32.0,35.2,32.0,32.0,32.0,32.0,32.0,32.0
157,32,22,32.0,32.0,32.0,32.0,32.0,32.0,32.0,32.0
157,32,23,32.0,32.0,32.0,32.0,32.0,32.0,32.0,32.0
157,32,24,32.0,32.0,32.0,32.0,32.0,32.0,32.0,32.0
157,32,25,32.0,32.0,32.0,32.0,32.0,32.0,32.0,32.0
157,32,26,32.0,32.0,32.0,32.0,32.0,32.0,32.0,32.0
158,14.0,16,14.0,14.0,14.0,14.0,14.0,14.0,14.0,14.0
158,14.0,17,14.0,14.0,14.0,14.0,14.0,14.0,14.0,14.0
158,14.0,18,14.0,14.0,14.0,14.0,14.0,14.0,14.0,14.0
158,14.0,19,14.0,14.0,14.0,14.0,14.0,14.0,14.0,14.0
158,14.0,20,14.0,14.0,14.0,14.0,14.0,14.0,14.0,14.0
158,14.0,21,14.0,14.0,14.0,14.0,14.0,14.0,14.0,14.0
158,14.0,22,14.0,14.0,14.0,14.0,14.0,14.0,14.0,14.0
158,14.0,23,14.0,14.0,14.0,14.0,14.0,14.0,14.0,14.0
158,14.0,24,14.0,14.0,14.0,14.0,14.0,14.0,14.0,14.0
158,14.0,25,14.0,14.0,14.0,14.0,14.0,14.0,14.0,14.0
158,14.0,26,14.0,14.0,14.0,14.0,14.0,14.0,14.0,14.0
159,20,16,20.0,20.0,20.0,20.0,20.0,20.0,20.0,20.0
159,20,17,20.0,20.0,20.0,20.0,20.0,20.0,20.0,20.0
159,20,18,20.0,20.0,20.0,20.0,20.0,20.0,20.0,20.0
159,20,19,20.0,20.0,20.0,20.0,20.0,20.0,20.0,20.0
159,20,20,20.0,20.0,20.0,22.0,20.0,20.0,20.0,20.0
159,20,21,20.0,20.0,20.0,20.0,20.0,20.0,20.0,20.0
159,20,22,20.0,22.0,22.0,22.0,20.0,20.0,20.0,20.0
159,20,23,20.0,22.0,22.0,22.0,20.0,20.0,20.0,20.0
159,20,24,20.0,22.0,22.0,20.0,20.0,20.0,20.0,20.0
159,20,25,20.0,20.0,20.0,20.0,20.0,20.0,20.0,20.0
159,20,26,20.0,20.0,20.0,20.0,20.0,20.0,20.0,20.0
160,25,16,25.0,25.0,25.0,25.0,25.0,25.0,25.0,25.0
160,25,17,25.0,27.500000000000004,25.0,25.0,25.0,25.0,25.0,25.0
160,25,18,25.0,25.0,25.0,25.0,25.0,25.0,25.0,25.0
160,25,19,25.0,25.0,25.0,25.0,25.0,25.0,25.0,25.0
160,25,20,25.0,25.0,25.0,25.0,25.0,25.0,25.0,25.0
160,25,21,25.0,25.0,25.0,25.0,25.0,25.0,25.0,25.0
160,25,22,25.0,25.0,25.0,25.0,25.0,25.0,25.0,25.0
160,25,23,25.0,25.0,25.0,25.0,25.0,25.0,25.0,25.0
160,25,24,25.0,25.0,25.0,25.0,25.0,25.0,25.0,25.0
160,25,25,25.0,25.0,25.0,25.0,25.0,25.0,25.0,25.0
160,25,26,25.0,25.0,25.0,25.0,25.0,25.0,25.0,25.0
161,12,16,12.0,12.0,12.0,12.0,12.0,12.0,12.0,12.0
161,12,17,12.0,12.0,12.0,12.0,12.0,12.0,12.0,12.0
161,12,18,12.0,12.0,12.0,12.0,12.0,12.0,12.0,12.0
161,12,19,12.0,12.0,12.0,12.0,12.0,12.0,12.0,12.0
161,12,20,12.0,13.200000000000001,13.200000000000001,13.200000000000001,12.0,12.0,12.0,12.0
161,12,21,12.0,13.200000000000001,13.200000000000001,13.200000000000001,12.0,12.0,12.0,12.0
161,12,22,12.0,13.200000000000001,13.200000000000001,13.200000000000001,12.0,12.0,12.0,12.0
161,12,23,12.0,13.200000000000001,13.200000000000001,13.200000000000001,12.0,12.0,12.0,12.0
161,12,24,12.0,13.200000000000001,13.200000000000001,12.0,12.0,12.0,12.0,12.0
161,12,25,12.0,12.0,12.0,12.0,12.0,12.0,12.0,12.0
161,12,26,12.0,12.0,12.0,12.0,12.0,12.0,12.0,12.0
162,18.0,16,18.0,18.0,18.0,18.0,18.0,18.0,18.0,18.0
162,18.0,17,18.0,18.0,18.0,18.0,18.0,18.0,18.0,18.0
162,18.0,18,18.0,18.0,18.0,18.0,18.0,18.0,18.0,18.0
162,18.0,19,18.0,18.0,18.0,18.0,18.0,18.0,18.0,18.0
162,18.0,20,18.0,18.0,18.0,18.0,18.0,18.0,18.0,18.0
162,18.0,21,18.0,18.0,18.0,18.0,18.0,18.0,18.0,18.0
162,18.0,22,18.0,18.0,18.0,18.0,18.0,18.0,18.0,18.0
162,18.0,23,18.0,18.0,18.0,18.0,18.0,18.0,18.0,18.0
162,18.0,24,18.0,18.0,18.0,18.0,18.0,18.0,18.0,18.0
162,18.0,25,18.0,18.0,18.0,18.0,18.0,18.0,18.0,18.0
162,18.0,26,18.0,18.0,18.0,18.0,18.0,18.0,18.0,18.0
163,20,16,20.0,20.0,20.0,20.0,20.0,20.0,20.0,20.0
163,20,17,20.0,20.0,20.0,20.0,20.0,20.0,20.0,20.0
163,20,18,20.0,20.0,20.0,20.0,20.0,20.0,20.0,20.0
163,20,19,20.0,20.0,20.0,20.0,20.0,20.0,20.0,20.0
163,20,20,20.0,20.0,20.0,20.0,20.0,20.0,20.0,20.0
163,20,21,20.0,20.0,20.0,20.0,20.0,20.0,20.0,20.0
163,20,22,20.0,20.0,22.0,20.0,20.0,20.0,20.0,20.0
163,20,23,20.0,20.0,22.0,22.0,20.0,20.0,20.0,20.0
163,20,24,20.0,20.0,20.0,20.0,20.0,20.0,20.0,20.0
163,20,25,20.0,20.0,20.0,20.0,20.0,20.0,20.0,20.0
163,20,26,20.0,20.0,20.0,20.0,20.0,20.0,20.0,20.0
164,81,16,81.0,81.0,81.0,81.0,81.0,81.0,81.0,81.0
164,81,17,81.0,81.0,81.0,81.0,81.0,81.0,81.0,81.0
164,81,18,81.0,81.0,81.0,81.0,81.0,81.0,81.0,81.0
164,81,19,81.0,81.0,81.0,81.0,81.0,81.0,81.0,81.0
164,81,20,81.0,89.10000000000001,89.10000000000001,89.10000000000001,81.0,81.0,81.0,81.0
164,81,21,81.0,89.10000000000001,89.10000000000001,81.0,81.0,81.0,81.0,81.0
164,81,22,81.0,89.10000000000001,89.10000000000001,81.0,81.0,81.0,81.0,81.0
164,81,23,81.0,81.0,81.0,81.0,81.0,81.0,81.0,81.0
164,81,24,81.0,81.0,81.0,81.0,81.0,81.0,81.0,81.0
164,81,25,81.0,81.0,81.0,81.0,81.0,81.0,81.0,81.0
164,81,26,81.0,81.0,81.0,81.0,81.0,81.0,81.0,81.0
165,30.0,16,30.0,30.0,30.0,30.0,30.0,30.0,30.0,30.0
165,30.0,17,30.0,30.0,30.0,30.0,30.0,30.0,30.0,30.0
165,30.0,18,30.0,30.0,30.0,30.0,30.0,30.0,30.0,30.0
165,30.0,19,30.0,30.0,30.0,30.0,30.0,30.0,30.0,30.0
165,30.0,20,30.0,30.0,30.0,30.0,30.0,30.0,30.0,30.0
165,30.0,21,30.0,30.0,30.0,30.0,30.0,30.0,30.0,30.0
165,30.0,22,30.0,30.0,30.0,30.0,30.0,30.0,30.0,30.0
165,30.0,23,30.0,30.0,30.0,30.0,30.0,30.0,30.0,30.0
165,30.0,24,30.0,30.0,30.0,30.0,30.0,30.0,30.0,30.0
165,30.0,25,30.0,30.0,30.0,30.0,30.0,30.0,30.0,30.0
165,30.0,26,30.0,30.0,30.0,30.0,30.0,30.0,30.0,30.0
166,85.0,16,85.0,85.0,85.0,85.0,85.0,85.0,85.0,85.0
166,85.0,17,85.0,85.0,85.0,85.0,85.0,85.0,85.0,85.0
166,85.0,18,85.0,85.0,85.0,85.0,85.0,85.0,85.0,85.0
166,85.0,19,85.0,85.0,85.0,85.0,85.0,85.0,85.0,85.0
166,85.0,20,85.0,85.0,85.0,85.0,85.0,85.0,85.0,85.0
166,85.0,21,85.0,85.0,85.0,85.0,85.0,85.0,85.0,85.0
166,85.0,22,85.0,85.0,85.0,85.0,85.0,85.0,85.0,85.0
166,85.0,23,85.0,85.0,85.0,85.0,85.0,85.0,85.0,85.0
166,85.0,24,85.0,85.0,85.0,85.0,85.0,85.0,85.0,85.0
166,85.0,25,85.0,85.0,85.0,85.0,85.0,85.0,85.0,85.0
166,85.0,26,85.0,85.0,85.0,85.0,85.0,85.0,85.0,85.0
167,10,16,10.0,10.0,10.0,10.0,10.0,10.0,10.0,10.0
167,10,17,10.0,10.0,10.0,10.0,10.0,10.0,10.0,10.0
167,10,18,10.0,10.0,10.0,10.0,10.0,10.0,10.0,10.0
167,10,19,10.0,10.0,10.0,10.0,10.0,10.0,10.0,10.0
167,10,20,10.0,10.0,10.0,10.0,10.0,10.0,10.0,10.0
167,10,21,10.0,10.0,10.0,10.0,10.0,10.0,10.0,10.0
167,10,22,10.0,10.0,10.0,10.0,10.0,10.0,10.0,10.0
167,10,23,10.0,10.0,10.0,11.0,10.0,10.0,10.0,10.0
167,10,24,10.0,10.0,10.0,11.0,10.0,10.0,10.0,10.0
167,10,25,10.0,10.0,10.0,10.0,10.0,10.0,10.0,10.0
167,10,26,10.0,10.0,10.0,10.0,10.0,10.0,10.0,10.0
168,27.0,16,27.0,27.0,27.0,27.0,27.0,27.0,27.0,27.0
168,27.0,17,27.0,27.0,27.0,27.0,27.0,27.0,27.0,27.0
168,27.0,18,27.0,27.0,27.0,27.0,27.0,27.0,27.0,27.0
168,27.0,19,27.0,27.0,27.0,27.0,27.0,27.0,27.0,27.0
168,27.0,20,27.0,27.0,27.0,27.0,27.0,27.0,27.0,27.0
168,27.0,21,27.0,27.0,27.0,27.0,27.0,27.0,27.0,27.0
168,27.0,22,27.0,27.0,27.0,27.0,27.0,27.0,27.0,27.0
168,27.0,23,27.0,27.0,27.0,27.0,27.0,27.0,27.0,27.0
168,27.0,24,27.0,27.0,27.0,27.0,27.0,27.0,27.0,27.0
168,27.0,25,27.0,27.0,27.0,27.0,27.0,27.0,27.0,27.0
168,27.0,26,27.0,27.0,27.0,27.0,27.0,27.0,27.0,27.0
169,25,16,25.0,25.0,25.0,25.0,25.0,25.0,25.0,25.0
169,25,17,25.0,27.500000000000004,27.500000000000004,25.0,25.0,25.0,25.0,25.0
169,25,18,25.0,27.500000000000004,25.0,25.0,25.0,25.0,25.0,25.0
169,25,19,25.0,25.0,25.0,25.0,25.0,25.0,25.0,25.0
169,25,20,25.0,27.500000000000004,27.500000000000004,27.500000000000004,25.0,25.0,25.0,25.0
169,25,21,27.500000000000004,27.500000000000004,27.500000000000004,27.500000000000004,25.0,25.0,25.0,25.0
169,25,22,27.500000000000004,27.500000000000004,27.500000000000004,27.500000000000004,25.0,25.0,25.0,25.0
169,25,23,27.500000000000004,27.500000000000004,27.500000000000004,27.500000000000004,25.0,25.0,25.0,25.0
169,25,24,27.500000000000004,27.500000000000004,27.500000000000004,27.500000000000004,25.0,25.0,25.0,25.0
169,25,25,27.500000000000004,27.500000000000004,27.500000000000004,25.0,25.0,25.0,25.0,25.0
169,25,26,25.0,25.0,25.0,25.0,25.0,25.0,25.0,25.0
170,20,16,20.0,20.0,20.0,20.0,20.0,20.0,20.0,20.0
170,20,17,20.0,22.0,20.0,20.0,20.0,20.0,20.0,20.0
170,20,18,20.0,20.0,20.0,20.0,20.0,20.0,20.0,20.0
170,20,19,20.0,20.0,20.0,20.0,20.0,20.0,20.0,20.0
170,20,20,20.0,20.0,20.0,20.0,20.0,20.0,20.0,20.0
170,20,21,20.0,20.0,20.0,20.0,20.0,20.0,20.0,20.0
170,20,22,20.0,22.0,22.0,20.0,20.0,20.0,20.0,20.0
170,20,23,20.0,20.0,22.0,20.0,20.0,20.0,20.0,20.0
170,20,24,20.0,20.0,22.0,20.0,20.0,20.0,20.0,20.0
170,20,25,20.0,20.0,20.0,20.0,20.0,20.0,20.0,20.0
170,20,26,20.0,20.0,20.0,20.0,20.0,20.0,20.0,20.0
171,20.0,16,20.0,20.0,20.0,20.0,20.0,20.0,20.0,20.0
171,20.0,17,20.0,20.0,20.0,20.0,20.0,20.0,20.0,20.0
171,20.0,18,20.0,20.0,20.0,20.0,20.0,20.0,20.0,20.0
171,20.0,19,20.0,20.0,20.0,20.0,20.0,20.0,20.0,20.0
171,20.0,20,20.0,20.0,20.0,20.0,20.0,20.0,20.0,20.0
171,20.0,21,20.0,20.0,20.0,20.0,20.0,20.0,20.0,20.0
171,20.0,22,20.0,20.0,20.0,20.0,20.0,20.0,20.0,20.0
171,20.0,23,20.0,20.0,20.0,20.0,20.0,20.0,20.0,20.0
171,20.0,24,20.0,20.0,20.0,20.0,20.0,20.0,20.0,20.0
171,20.0,25,20.0,20.0,20.0,20.0,20.0,20.0,20.0,20.0
171,20.0,26,20.0,20.0,20.0,20.0,20.0,20.0,20.0,20.0
172,80.0,16,80.0,80.0,80.0,80.0,80.0,80.0,80.0,80.0
172,80.0,17,80.0,80.0,80.0,80.0,80.0,80.0,80.0,80.0
172,80.0,18,80.0,80.0,80.0,80.0,80.0,80.0,80.0,80.0
172,80.0,19,80.0,80.0,80.0,80.0,80.0,80.0,80.0,80.0
172,80.0,20,80.0,80.0,80.0,80.0,80.0,80.0,80.0,80.0
172,80.0,21,80.0,80.0,80.0,80.0,80.0,80.0,80.0,80.0
172,80.0,22,80.0,80.0,80.0,80.0,80.0,80.0,80.0,80.0
172,80.0,23,80.0,80.0,80.0,80.0,80.0,80.0,80.0,80.0
172,80.0,24,80.0,80.0,80.0,80.0,80.0,80.0,80.0,80.0
172,80.0,25,80.0,80.0,80.0,80.0,80.0,80.0,80.0,80.0
172,80.0,26,80.0,80.0,80.0,80.0,80.0,80.0,80.0,80.0
173,45.0,16,45.0,45.0,45.0,45.0,45.0,45.0,45.0,45.0
173,45.0,17,45.0,45.0,45.0,45.0,45.0,45.0,45.0,45.0
173,45.0,18,45.0,45.0,45.0,45.0,45.0,45.0,45.0,45.0
173,45.0,19,45.0,45.0,45.0,45.0,45.0,45.0,45.0,45.0
173,45.0,20,45.0,45.0,45.0,45.0,45.0,45.0,45.0,45.0
173,45.0,21,45.0,45.0,45.0,45.0,45.0,45.0,45.0,45.0
173,45.0,22,45.0,45.0,45.0,45.0,45.0,45.0,45.0,45.0
173,45.0,23,45.0,45.0,45.0,45.0,45.0,45.0,45.0,45.0
173,45.0,24,45.0,45.0,45.0,45.0,45.0,45.0,45.0,45.0
173,45.0,25,45.0,45.0,45.0,45.0,45.0,45.0,45.0,45.0
173,45.0,26,45.0,45.0,45.0,45.0,45.0,45.0,45.0,45.0
174,12.0,16,12.0,12.0,12.0,12.0,12.0,12.0,12.0,12.0
174,12.0,17,12.0,12.0,12.0,12.0,12.0,12.0,12.0,12.0
174,12.0,18,12.0,12.0,12.0,12.0,12.0,12.0,12.0,12.0
174,12.0,19,12.0,12.0,12.0,12.0,12.0,12.0,12.0,12.0
174,12.0,20,12.0,12.0,12.0,12.0,12.0,12.0,12.0,12.0
174,12.0,21,12.0,12.0,12.0,12.0,12.0,12.0,12.0,12.0
174,12.0,22,12.0,12.0,12.0,12.0,12.0,12.0,12.0,12.0
174,12.0,23,12.0,12.0,12.0,12.0,12.0,12.0,12.0,12.0
174,12.0,24,12.0,12.0,12.0,12.0,12.0,12.0,12.0,12.0
174,12.0,25,12.0,12.0,12.0,12.0,12.0,12.0,12.0,12.0
174,12.0,26,12.0,12.0,12.0,12.0,12.0,12.0,12.0,12.0
175,18.0,16,18.0,18.0,18.0,18.0,18.0,18.0,18.0,18.0
175,18.0,17,18.0,18.0,18.0,18.0,18.0,18.0,18.0,18.0
175,18.0,18,18.0,18.0,18.0,18.0,18.0,18.0,18.0,18.0
175,18.0,19,18.0,18.0,18.0,18.0,18.0,18.0,18.0,18.0
175,18.0,20,18.0,18.0,18.0,18.0,18.0,18.0,18.0,18.0
175,18.0,21,18.0,18.0,18.0,18.0,18.0,18.0,18.0,18.0
175,18.0,22,18.0,18.0,18.0,18.0,18.0,18.0,18.0,18.0
175,18.0,23,18.0,18.0,18.0,18.0,18.0,18.0,18.0,18.0
175,18.0,24,18.0,18.0,18.0,18.0,18.0,18.0,18.0,18.0
175,18.0,25,18.0,18.0,18.0,18.0,18.0,18.0,18.0,18.0
175,18.0,26,18.0,18.0,18.0,18.0,18.0,18.0,18.0,18.0
176,30.0,16,30.0,30.0,30.0,30.0,30.0,30.0,30.0,30.0
176,30.0,17,30.0,30.0,30.0,30.0,30.0,30.0,30.0,30.0
176,30.0,18,30.0,30.0,30.0,30.0,30.0,30.0,30.0,30.0
176,30.0,19,30.0,30.0,30.0,30.0,30.0,30.0,30.0,30.0
176,30.0,20,30.0,30.0,30.0,30.0,30.0,30.0,30.0,30.0
176,30.0,21,30.0,30.0,30.0,30.0,30.0,30.0,30.0,30.0
176,30.0,22,30.0,30.0,30.0,30.0,30.0,30.0,30.0,30.0
176,30.0,23,30.0,30.0,30.0,30.0,30.0,30.0,30.0,30.0
176,30.0,24,30.0,30.0,30.0,30.0,30.0,30.0,30.0,30.0
176,30.0,25,30.0,30.0,30.0,30.0,30.0,30.0,30.0,30.0
176,30.0,26,30.0,30.0,30.0,30.0,30.0,30.0,30.0,30.0
177,95.0,16,95.0,95.0,95.0,95.0,95.0,95.0,95.0,95.0
177,95.0,17,95.0,95.0,95.0,95.0,95.0,95.0,95.0,95.0
177,95.0,18,95.0,95.0,95.0,95.0,95.0,95.0,95.0,95.0
177,95.0,19,95.0,95.0,95.0,95.0,95.0,95.0,95.0,95.0
177,95.0,20,95.0,95.0,95.0,95.0,95.0,95.0,95.0,95.0
177,95.0,21,95.0,95.0,95.0,95.0,95.0,95.0,95.0,95.0
177,95.0,22,95.0,95.0,95.0,95.0,95.0,95.0,95.0,95.0
177,95.0,23,95.0,95.0,95.0,95.0,95.0,95.0,95.0,95.0
177,95.0,24,95.0,95.0,95.0,95.0,95.0,95.0,95.0,95.0
177,95.0,25,95.0,95.0,95.0,95.0,95.0,95.0,95.0,95.0
177,95.0,26,95.0,95.0,95.0,95.0,95.0,95.0,95.0,95.0
178,40.0,16,40.0,40.0,40.0,40.0,40.0,40.0,40.0,40.0
178,40.0,17,40.0,40.0,40.0,40.0,40.0,40.0,40.0,40.0
178,40.0,18,40.0,40.0,40.0,40.0,40.0,40.0,40.0,40.0
178,40.0,19,40.0,40.0,40.0,40.0,40.0,40.0,40.0,40.0
178,40.0,20,40.0,40.0,40.0,40.0,40.0,40.0,40.0,40.0
178,40.0,21,40.0,40.0,40.0,40.0,40.0,40.0,40.0,40.0
178,40.0,22,40.0,40.0,40.0,40.0,40.0,40.0,40.0,40.0
178,40.0,23,40.0,40.0,40.0,40.0,40.0,40.0,40.0,40.0
178,40.0,24,40.0,40.0,40.0,40.0,40.0,40.0,40.0,40.0
178,40.0,25,40.0,40.0,40.0,40.0,40.0,40.0,40.0,40.0
178,40.0,26,40.0,40.0,40.0,40.0,40.0,40.0,40.0,40.0
179,23,16,23.0,23.0,23.0,23.0,23.0,23.0,23.0,23.0
179,23,17,23.0,25.3,25.3,23.0,23.0,23.0,23.0,23.0
179,23,18,23.0,23.0,23.0,23.0,23.0,23.0,23.0,23.0
179,23,19,23.0,23.0,23.0,23.0,23.0,23.0,23.0,23.0
179,23,20,23.0,23.0,23.0,23.0,23.0,23.0,23.0,23.0
179,23,21,23.0,23.0,23.0,23.0,23.0,23.0,23.0,23.0
179,23,22,23.0,23.0,23.0,23.0,23.0,23.0,23.0,23.0
179,23,23,23.0,23.0,23.0,23.0,23.0,23.0,23.0,23.0
179,23,24,23.0,23.0,23.0,23.0,23.0,23.0,23.0,23.0
179,23,25,23.0,23.0,23.0,23.0,23.0,23.0,23.0,23.0
179,23,26,23.0,23.0,23.0,23.0,23.0,23.0,23.0,23.0
180,170.0,16,170.0,170.0,170.0,170.0,170.0,170.0,170.0,170.0
180,170.0,17,170.0,170.0,170.0,170.0,170.0,170.0,170.0,170.0
180,170.0,18,170.0,170.0,170.0,170.0,170.0,170.0,170.0,170.0
180,170.0,19,170.0,170.0,170.0,170.0,170.0,170.0,170.0,170.0
180,170.0,20,170.0,170.0,170.0,170.0,170.0,170.0,170.0,170.0
180,170.0,21,170.0,170.0,170.0,170.0,170.0,170.0,170.0,170.0
180,170.0,22,170.0,170.0,170.0,170.0,170.0,170.0,170.0,170.0
180,170.0,23,170.0,170.0,170.0,170.0,170.0,170.0,170.0,170.0
180,170.0,24,170.0,170.0,170.0,170.0,170.0,170.0,170.0,170.0
180,170.0,25,170.0,170.0,170.0,170.0,170.0,170.0,170.0,170.0
180,170.0,26,170.0,170.0,170.0,170.0,170.0,170.0,170.0,170.0
181,10.0,16,10.0,10.0,10.0,10.0,10.0,10.0,10.0,10.0
181,10.0,17,10.0,10.0,10.0,10.0,10.0,10.0,10.0,10.0
181,10.0,18,10.0,10.0,10.0,10.0,10.0,10.0,10.0,10.0
181,10.0,19,10.0,10.0,10.0,10.0,10.0,10.0,10.0,10.0
181,10.0,20,10.0,10.0,10.0,10.0,10.0,10.0,10.0,10.0
181,10.0,21,10.0,10.0,10.0,10.0,10.0,10.0,10.0,10.0
181,10.0,22,10.0,10.0,10.0,10.0,10.0,10.0,10.0,10.0
181,10.0,23,10.0,10.0,10.0,10.0,10.0,10.0,10.0,10.0
181,10.0,24,10.0,10.0,10.0,10.0,10.0,10.0,10.0,10.0
181,10.0,25,10.0,10.0,10.0,10.0,10.0,10.0,10.0,10.0
181,10.0,26,10.0,10.0,10.0,10.0,10.0,10.0,10.0,10.0
182,95.0,16,95.0,95.0,95.0,95.0,95.0,95.0,95.0,95.0
182,95.0,17,95.0,95.0,95.0,95.0,95.0,95.0,95.0,95.0
182,95.0,18,95.0,95.0,95.0,95.0,95.0,95.0,95.0,95.0
182,95.0,19,95.0,95.0,95.0,95.0,95.0,95.0,95.0,95.0
182,95.0,20,95.0,95.0,95.0,95.0,95.0,95.0,95.0,95.0
182,95.0,21,95.0,95.0,95.0,95.0,95.0,95.0,95.0,95.0
182,95.0,22,95.0,95.0,95.0,95.0,95.0,95.0,95.0,95.0
182,95.0,23,95.0,95.0,95.0,95.0,95.0,95.0,95.0,95.0
182,95.0,24,95.0,95.0,95.0,95.0,95.0,95.0,95.0,95.0
182,95.0,25,95.0,95.0,95.0,95.0,95.0,95.0,95.0,95.0
182,95.0,26,95.0,95.0,95.0,95.0,95.0,95.0,95.0,95.0
183,20.0,16,20.0,20.0,20.0,20.0,20.0,20.0,20.0,20.0
183,20.0,17,20.0,20.0,20.0,20.0,20.0,20.0,20.0,20.0
183,20.0,18,20.0,20.0,20.0,20.0,20.0,20.0,20.0,20.0
183,20.0,19,20.0,20.0,20.0,20.0,20.0,20.0,20.0,20.0
183,20.0,20,20.0,20.0,20.0,20.0,20.0,20.0,20.0,20.0
183,20.0,21,20.0,20.0,20.0,20.0,20.0,20.0,20.0,20.0
183,20.0,22,20.0,20.0,20.0,20.0,20.0,20.0,20.0,20.0
183,20.0,23,20.0,20.0,20.0,20.0,20.0,20.0,20.0,20.0
183,20.0,24,20.0,20.0,20.0,20.0,20.0,20.0,20.0,20.0
183,20.0,25,20.0,20.0,20.0,20.0,20.0,20.0,20.0,20.0
183,20.0,26,20.0,20.0,20.0,20.0,20.0,20.0,20.0,20.0
184,25.0,16,25.0,25.0,25.0,25.0,25.0,25.0,25.0,25.0
184,25.0,17,25.0,25.0,25.0,25.0,25.0,25.0,25.0,25.0
184,25.0,18,25.0,25.0,25.0,25.0,25.0,25.0,25.0,25.0
184,25.0,19,25.0,25.0,25.0,25.0,25.0,25.0,25.0,25.0
184,25.0,20,25.0,25.0,25.0,25.0,25.0,25.0,25.0,25.0
184,25.0,21,25.0,25.0,25.0,25.0,25.0,25.0,25.0,25.0
184,25.0,22,25.0,25.0,25.0,25.0,25.0,25.0,25.0,25.0
184,25.0,23,25.0,25.0,25.0,25.0,25.0,25.0,25.0,25.0
184,25.0,24,25.0,25.0,25.0,25.0,25.0,25.0,25.0,25.0
184,25.0,25,25.0,25.0,25.0,25.0,25.0,25.0,25.0,25.0
184,25.0,26,25.0,25.0,25.0,25.0,25.0,25.0,25.0,25.0
185,25.0,16,25.0,25.0,25.0,25.0,25.0,25.0,25.0,25.0
185,25.0,17,25.0,25.0,25.0,25.0,25.0,25.0,25.0,25.0
185,25.0,18,25.0,25.0,25.0,25.0,25.0,25.0,25.0,25.0
185,25.0,19,25.0,25.0,25.0,25.0,25.0,25.0,25.0,25.0
185,25.0,20,25.0,25.0,25.0,25.0,25.0,25.0,25.0,25.0
185,25.0,21,25.0,25.0,25.0,25.0,25.0,25.0,25.0,25.0
185,25.0,22,25.0,25.0,25.0,25.0,25.0,25.0,25.0,25.0
185,25.0,23,25.0,25.0,25.0,25.0,25.0,25.0,25.0,25.0
185,25.0,24,25.0,25.0,25.0,25.0,25.0,25.0,25.0,25.0
185,25.0,25,25.0,25.0,25.0,25.0,25.0,25.0,25.0,25.0
185,25.0,26,25.0,25.0,25.0,25.0,25.0,25.0,25.0,25.0
186,18.0,16,18.0,18.0,18.0,18.0,18.0,18.0,18.0,18.0
186,18.0,17,18.0,18.0,18.0,18.0,18.0,18.0,18.0,18.0
186,18.0,18,18.0,18.0,18.0,18.0,18.0,18.0,18.0,18.0
186,18.0,19,18.0,18.0,18.0,18.0,18.0,18.0,18.0,18.0
186,18.0,20,18.0,18.0,18.0,18.0,18.0,18.0,18.0,18.0
186,18.0,21,18.0,18.0,18.0,18.0,18.0,18.0,18.0,18.0
186,18.0,22,18.0,18.0,18.0,18.0,18.0,18.0,18.0,18.0
186,18.0,23,18.0,18.0,18.0,18.0,18.0,18.0,18.0,18.0
186,18.0,24,18.0,18.0,18.0,18.0,18.0,18.0,18.0,18.0
186,18.0,25,18.0,18.0,18.0,18.0,18.0,18.0,18.0,18.0
186,18.0,26,18.0,18.0,18.0,18.0,18.0,18.0,18.0,18.0
187,15,16,15.0,15.0,15.0,15.0,15.0,15.0,15.0,15.0
187,15,17,15.0,16.5,15.0,15.0,15.0,15.0,15.0,15.0
187,15,18,15.0,15.0,15.0,15.0,15.0,15.0,15.0,15.0
187,15,19,15.0,15.0,15.0,15.0,15.0,15.0,15.0,15.0
187,15,20,15.0,15.0,15.0,15.0,15.0,15.0,15.0,15.0
187,15,21,15.0,15.0,15.0,15.0,15.0,15.0,15.0,15.0
187,15,22,15.0,15.0,15.0,15.0,15.0,15.0,15.0,15.0
187,15,23,15.0,15.0,16.5,16.5,15.0,15.0,15.0,15.0
187,15,24,15.0,15.0,16.5,15.0,15.0,15.0,15.0,15.0
187,15,25,15.0,15.0,15.0,15.0,15.0,15.0,15.0,15.0
187,15,26,15.0,15.0,15.0,15.0,15.0,15.0,15.0,15.0
188,18,16,18.0,18.0,18.0,18.0,18.0,18.0,18.0,18.0
188,18,17,19.8,19.8,19.8,19.8,18.0,18.0,18.0,18.0
188,18,18,18.0,19.8,18.0,18.0,18.0,18.0,18.0,18.0
188,18,19,18.0,18.0,18.0,18.0,18.0,18.0,18.0,18.0
188,18,20,18.0,18.0,18.0,18.0,18.0,18.0,18.0,18.0
188,18,21,18.0,18.0,18.0,18.0,18.0,18.0,18.0,18.0
188,18,22,18.0,18.0,18.0,18.0,18.0,18.0,18.0,18.0
188,18,23,18.0,18.0,18.0,18.0,18.0,18.0,18.0,18.0
188,18,24,18.0,18.0,18.0,18.0,18.0,18.0,18.0,18.0
188,18,25,18.0,18.0,18.0,18.0,18.0,18.0,18.0,18.0
188,18,26,18.0,18.0,18.0,18.0,18.0,18.0,18.0,18.0
189,12.0,16,12.0,12.0,12.0,12.0,12.0,12.0,12.0,12.0
189,12.0,17,12.0,12.0,12.0,12.0,12.0,12.0,12.0,12.0
189,12.0,18,12.0,12.0,12.0,12.0,12.0,12.0,12.0,12.0
189,12.0,19,12.0,12.0,12.0,12.0,12.0,12.0,12.0,12.0
189,12.0,20,12.0,12.0,12.0,12.0,12.0,12.0,12.0,12.0
189,12.0,21,12.0,12.0,12.0,12.0,12.0,12.0,12.0,12.0
189,12.0,22,12.0,12.0,12.0,12.0,12.0,12.0,12.0,12.0
189,12.0,23,12.0,12.0,12.0,12.0,12.0,12.0,12.0,12.0
189,12.0,24,12.0,12.0,12.0,12.0,12.0,12.0,12.0,12.0
189,12.0,25,12.0,12.0,12.0,12.0,12.0,12.0,12.0,12.0
189,12.0,26,12.0,12.0,12.0,12.0,12.0,12.0,12.0,12.0
190,15.0,16,15.0,15.0,15.0,15.0,15.0,15.0,15.0,15.0
190,15.0,17,15.0,15.0,15.0,15.0,15.0,15.0,15.0,15.0
190,15.0,18,15.0,15.0,15.0,15.0,15.0,15.0,15.0,15.0
190,15.0,19,15.0,15.0,15.0,15.0,15.0,15.0,15.0,15.0
190,15.0,20,15.0,15.0,15.0,15.0,15.0,15.0,15.0,15.0
190,15.0,21,15.0,15.0,15.0,15.0,15.0,15.0,15.0,15.0
190,15.0,22,15.0,15.0,15.0,15.0,15.0,15.0,15.0,15.0
190,15.0,23,15.0,15.0,15.0,15.0,15.0,15.0,15.0,15.0
190,15.0,24,15.0,15.0,15.0,15.0,15.0,15.0,15.0,15.0
190,15.0,25,15.0,15.0,15.0,15.0,15.0,15.0,15.0,15.0
190,15.0,26,15.0,15.0,15.0,15.0,15.0,15.0,15.0,15.0
191,20.0,16,20.0,20.0,20.0,20.0,20.0,20.0,20.0,20.0
191,20.0,17,20.0,20.0,20.0,20.0,20.0,20.0,20.0,20.0
191,20.0,18,20.0,20.0,20.0,20.0,20.0,20.0,20.0,20.0
191,20.0,19,20.0,20.0,20.0,20.0,20.0,20.0,20.0,20.0
191,20.0,20,20.0,20.0,20.0,20.0,20.0,20.0,20.0,20.0
191,20.0,21,20.0,20.0,20.0,20.0,20.0,20.0,20.0,20.0
191,20.0,22,20.0,20.0,20.0,20.0,20.0,20.0,20.0,20.0
191,20.0,23,20.0,20.0,20.0,20.0,20.0,20.0,20.0,20.0
191,20.0,24,20.0,20.0,20.0,20.0,20.0,20.0,20.0,20.0
191,20.0,25,20.0,20.0,20.0,20.0,20.0,20.0,20.0,20.0
191,20.0,26,20.0,20.0,20.0,20.0,20.0,20.0,20.0,20.0
192,20.0,16,20.0,20.0,20.0,20.0,20.0,20.0,20.0,20.0
192,20.0,17,20.0,20.0,20.0,20.0,20.0,20.0,20.0,20.0
192,20.0,18,20.0,20.0,20.0,20.0,20.0,20.0,20.0,20.0
192,20.0,19,20.0,20.0,20.0,20.0,20.0,20.0,20.0,20.0
192,20.0,20,20.0,20.0,20.0,20.0,20.0,20.0,20.0,20.0
192,20.0,21,20.0,20.0,20.0,20.0,20.0,20.0,20.0,20.0
192,20.0,22,20.0,20.0,20.0,20.0,20.0,20.0,20.0,20.0
192,20.0,23,20.0,20.0,20.0,20.0,20.0,20.0,20.0,20.0
192,20.0,24,20.0,20.0,20.0,20.0,20.0,20.0,20.0,20.0
192,20.0,25,20.0,20.0,20.0,20.0,20.0,20.0,20.0,20.0
192,20.0,26,20.0,20.0,20.0,20.0,20.0,20.0,20.0,20.0
193,18.0,16,18.0,18.0,18.0,18.0,18.0,18.0,18.0,18.0
193,18.0,17,18.0,18.0,18.0,18.0,18.0,18.0,18.0,18.0
193,18.0,18,18.0,18.0,18.0,18.0,18.0,18.0,18.0,18.0
193,18.0,19,18.0,18.0,18.0,18.0,18.0,18.0,18.0,18.0
193,18.0,20,18.0,18.0,18.0,18.0,18.0,18.0,18.0,18.0
193,18.0,21,18.0,18.0,18.0,18.0,18.0,18.0,18.0,18.0
193,18.0,22,18.0,18.0,18.0,18.0,18.0,18.0,18.0,18.0
193,18.0,23,18.0,18.0,18.0,18.0,18.0,18.0,18.0,18.0
193,18.0,24,18.0,18.0,18.0,18.0,18.0,18.0,18.0,18.0
193,18.0,25,18.0,18.0,18.0,18.0,18.0,18.0,18.0,18.0
193,18.0,26,18.0,18.0,18.0,18.0,18.0,18.0,18.0,18.0
194,10.0,16,10.0,10.0,10.0,10.0,10.0,10.0,10.0,10.0
194,10.0,17,10.0,10.0,10.0,10.0,10.0,10.0,10.0,10.0
194,10.0,18,10.0,10.0,10.0,10.0,10.0,10.0,10.0,10.0
194,10.0,19,10.0,10.0,10.0,10.0,10.0,10.0,10.0,10.0
194,10.0,20,10.0,10.0,10.0,10.0,10.0,10.0,10.0,10.0
194,10.0,21,10.0,10.0,10.0,10.0,10.0,10.0,10.0,10.0
194,10.0,22,10.0,10.0,10.0,10.0,10.0,10.0,10.0,10.0
194,10.0,23,10.0,10.0,10.0,10.0,10.0,10.0,10.0,10.0
194,10.0,24,10.0,10.0,10.0,10.0,10.0,10.0,10.0,10.0
194,10.0,25,10.0,10.0,10.0,10.0,10.0,10.0,10.0,10.0
194,10.0,26,10.0,10.0,10.0,10.0,10.0,10.0,10.0,10.0
195,35.0,16,35.0,35.0,35.0,35.0,35.0,35.0,35.0,35.0
195,35.0,17,35.0,35.0,35.0,35.0,35.0,35.0,35.0,35.0
195,35.0,18,35.0,35.0,35.0,35.0,35.0,35.0,35.0,35.0
195,35.0,19,35.0,35.0,35.0,35.0,35.0,35.0,35.0,35.0
195,35.0,20,35.0,35.0,35.0,35.0,35.0,35.0,35.0,35.0
195,35.0,21,35.0,35.0,35.0,35.0,35.0,35.0,35.0,35.0
195,35.0,22,35.0,35.0,35.0,35.0,35.0,35.0,35.0,35.0
195,35.0,23,35.0,35.0,35.0,35.0,35.0,35.0,35.0,35.0
195,35.0,24,35.0,35.0,35.0,35.0,35.0,35.0,35.0,35.0
195,35.0,25,35.0,35.0,35.0,35.0,35.0,35.0,35.0,35.0
195,35.0,26,35.0,35.0,35.0,35.0,35.0,35.0,35.0,35.0
196,25.0,16,25.0,25.0,25.0,25.0,25.0,25.0,25.0,25.0
196,25.0,17,25.0,25.0,25.0,25.0,25.0,25.0,25.0,25.0
196,25.0,18,25.0,25.0,25.0,25.0,25.0,25.0,25.0,25.0
196,25.0,19,25.0,25.0,25.0,25.0,25.0,25.0,25.0,25.0
196,25.0,20,25.0,25.0,25.0,25.0,25.0,25.0,25.0,25.0
196,25.0,21,25.0,25.0,25.0,25.0,25.0,25.0,25.0,25.0
196,25.0,22,25.0,25.0,25.0,25.0,25.0,25.0,25.0,25.0
196,25.0,23,25.0,25.0,25.0,25.0,25.0,25.0,25.0,25.0
196,25.0,24,25.0,25.0,25.0,25.0,25.0,25.0,25.0,25.0
196,25.0,25,25.0,25.0,25.0,25.0,25.0,25.0,25.0,25.0
196,25.0,26,25.0,25.0,25.0,25.0,25.0,25.0,25.0,25.0
197,2.0,16,2.0,2.0,2.0,2.0,2.0,2.0,2.0,2.0
197,2.0,17,2.0,2.0,2.0,2.0,2.0,2.0,2.0,2.0
197,2.0,18,2.0,2.0,2.0,2.0,2.0,2.0,2.0,2.0
197,2.0,19,2.0,2.0,2.0,2.0,2.0,2.0,2.0,2.0
197,2.0,20,2.0,2.0,2.0,2.0,2.0,2.0,2.0,2.0
197,2.0,21,2.0,2.0,2.0,2.0,2.0,2.0,2.0,2.0
197,2.0,22,2.0,2.0,2.0,2.0,2.0,2.0,2.0,2.0
197,2.0,23,2.0,2.0,2.0,2.0,2.0,2.0,2.0,2.0
197,2.0,24,2.0,2.0,2.0,2.0,2.0,2.0,2.0,2.0
197,2.0,25,2.0,2.0,2.0,2.0,2.0,2.0,2.0,2.0
197,2.0,26,2.0,2.0,2.0,2.0,2.0,2.0,2.0,2.0
198,20.0,16,20.0,20.0,20.0,20.0,20.0,20.0,20.0,20.0
198,20.0,17,20.0,20.0,20.0,20.0,20.0,20.0,20.0,20.0
198,20.0,18,20.0,20.0,20.0,20.0,20.0,20.0,20.0,20.0
198,20.0,19,20.0,20.0,20.0,20.0,20.0,20.0,20.0,20.0
198,20.0,20,20.0,20.0,20.0,20.0,20.0,20.0,20.0,20.0
198,20.0,21,20.0,20.0,20.0,20.0,20.0,20.0,20.0,20.0
198,20.0,22,20.0,20.0,20.0,20.0,20.0,20.0,20.0,20.0
198,20.0,23,20.0,20.0,20.0,20.0,20.0,20.0,20.0,20.0
198,20.0,24,20.0,20.0,20.0,20.0,20.0,20.0,20.0,20.0
198,20.0,25,20.0,20.0,20.0,20.0,20.0,20.0,20.0,20.0
198,20.0,26,20.0,20.0,20.0,20.0,20.0,20.0,20.0,20.0
900,100.0,16,100.0,100.0,100.0,100.0,100.0,100.0,100.0,100.0
900,100.0,17,100.0,100.0,100.0,100.0,100.0,100.0,100.0,100.0
900,100.0,18,100.0,100.0,100.0,100.0,100.0,100.0,100.0,100.0
900,100.0,19,100.0,100.0,100.0,100.0,100.0,100.0,100.0,100.0
900,100.0,20,100.0,100.0,100.0,100.0,100.0,100.0,100.0,100.0
900,100.0,21,100.0,100.0,100.0,100.0,100.0,100.0,100.0,100.0
900,100.0,22,100.0,100.0,100.0,100.0,100.0,100.0,100.0,100.0
900,100.0,23,100.0,100.0,100.0,100.0,100.0,100.0,100.0,100.0
900,100.0,24,100.0,100.0,100.0,100.0,100.0,100.0,100.0,100.0
900,100.0,25,100.0,100.0,100.0,100.0,100.0,100.0,100.0,100.0
900,100.0,26,100.0,100.0,100.0,100.0,100.0,100.0,100.0,100.0
901,-100.0,16,-100.0,-100.0,-100.0,-100.0,-100.0,-100.0,-100.0,-100.0
901,-100.0,17,-100.0,-100.0,-100.0,-100.0,-100.0,-100.0,-100.0,-100.0
901,-100.0,18,-100.0,-100.0,-100.0,-100.0,-100.0,-100.0,-100.0,-100.0
901,-100.0,19,-100.0,-100.0,-100.0,-100.0,-100.0,-100.0,-100.0,-100.0
901,-100.0,20,-100.0,-100.0,-100.0,-100.0,-100.0,-100.0,-100.0,-100.0
901,-100.0,21,-100.0,-100.0,-100.0,-100.0,-100.0,-100.0,-100.0,-100.0
901,-100.0,22,-100.0,-100.0,-100.0,-100.0,-100.0,-100.0,-100.0,-100.0
901,-100.0,23,-100.0,-100.0,-100.0,-100.0,-100.0,-100.0,-100.0,-100.0
901,-100.0,24,-100.0,-100.0,-100.0,-100.0,-100.0,-100.0,-100.0,-100.0
901,-100.0,25,-100.0,-100.0,-100.0,-100.0,-100.0,-100.0,-100.0,-100.0
901,-100.0,26,-100.0,-100.0,-100.0,-100.0,-100.0,-100.0,-100.0,-100.0
902,25.0,16,25.0,25.0,25.0,25.0,25.0,25.0,25.0,25.0
902,25.0,17,25.0,25.0,25.0,25.0,25.0,25.0,25.0,25.0
902,25.0,18,25.0,25.0,25.0,25.0,25.0,25.0,25.0,25.0
902,25.0,19,25.0,25.0,25.0,25.0,25.0,25.0,25.0,25.0
902,25.0,20,25.0,25.0,25.0,25.0,25.0,25.0,25.0,25.0
902,25.0,21,25.0,25.0,25.0,25.0,25.0,25.0,25.0,25.0
902,25.0,22,25.0,25.0,25.0,25.0,25.0,25.0,25.0,25.0
902,25.0,23,25.0,25.0,25.0,25.0,25.0,25.0,25.0,25.0
902,25.0,24,25.0,25.0,25.0,25.0,25.0,25.0,25.0,25.0
902,25.0,25,25.0,25.0,25.0,25.0,25.0,25.0,25.0,25.0
902,25.0,26,25.0,25.0,25.0,25.0,25.0,25.0,25.0,25.0
903,5.0,16,5.0,5.0,5.0,5.0,5.0,5.0,5.0,5.0
903,5.0,17,5.0,5.0,5.0,5.0,5.0,5.0,5.0,5.0
903,5.0,18,5.0,5.0,5.0,5.0,5.0,5.0,5.0,5.0
903,5.0,19,5.0,5.0,5.0,5.0,5.0,5.0,5.0,5.0
903,5.0,20,5.0,5.0,5.0,5.0,5.0,5.0,5.0,5.0
903,5.0,21,5.0,5.0,5.0,5.0,5.0,5.0,5.0,5.0
903,5.0,22,5.0,5.0,5.0,5.0,5.0,5.0,5.0,5.0
903,5.0,23,5.0,5.0,5.0,5.0,5.0,5.0,5.0,5.0
903,5.0,24,5.0,5.0,5.0,5.0,5.0,5.0,5.0,5.0
903,5.0,25,5.0,5.0,5.0,5.0,5.0,5.0,5.0,5.0
903,5.0,26,5.0,5.0,5.0,5.0,5.0,5.0,5.0,5.0
