164,151,139,154,141
93,141
142,12,169
142,141
15,22,100,50
128,154
128,135
142,74
123,184,2
184,2
25,2,169,182
128,76,124,173
142,22,93,76
142,76,134
178,169
140,74
14,134
76,141
128,903,171
139,133,18
154,138
142,18
194,138
128,12,74
130,138
100,134
166,154,124
19,23,100,169,99
154,76,139
198,170,76,14
142,138
190,22,138
151,14
130,154
26,139,74,98,140,169
76,2,98
142,74
128,135
135,138
128,154
4,154
128,76,182
902,134
93,12,138
130,134
100,151,146,169,19
1,76
140,76
76,134
151,100,48,76,134,25
164,151,146,154
151,146,14
22,138,74
18,187,169,26
4,12
128,141
903,130,12
178,170
25,169
123,2,188
164,151
2,76
128,1
108,138,134
171,2,188
130,154,134
15,142,74
164,151,76
135,194
187,2
22,2,76
151,76
22,4,134,18,107
142,140
151,146,76
151,177,76
12,14
123,2
139,2,76
166,182,74
128,154,169
132,134
135,154,138
15,74,141
123,2,169
15,160,188
151,146
1,130
139,19,134,154,99
123,2,169
76,19
123,2
128,74,141
142,74
130,134
2,76
1,130
1,2
140,171
142,171,134
194,184,74,169,141
135,130
164,151
142,176
154,190,76,124
4,76,50,170
15,142
128,130
12,154
130,138
142,138
128,22,12
130,98,170
123,2
100,151,146,154
93,139,138,134
2,169
135,154
129,74
128,132,130,98,169
128,154
198,176,134
164,151,100,15,173,154,169
135,74
4,130,134
98,74
169,124,134
128,139
100,142,130
12,19
1,2,169
128,15,74
22,146,76
132,138,170
100,76,141
123,2
128,154,12,76
128,138
4,130,176
151,146,154
154,134
187,76
25,151,22,146
166,151,154
15,22,134
151,146,169
164,151,133,181,128,142,129,146,139,76,134,22,130,154,141,132,177,140
129,134
21,76,139,164
151,76
164,151,178,154
23,2
133,138
164,151,15,146,76,141,177
160,140
151,146,154
15,142
164,4,154,19
123,2
4,134
166,25
130,98
142,76
151,171
123,2
15,151
128,151,146,178,169
135,25,139,74
128,74
128,76
12,178,124
15,74
151,178,146,1,21,2
151,146,76
132,154,134
23,171
154,124
130,138
140,74
2,169
151,142
128,194,76
128,74
128,74
164,151
151,142,146,154
151,142
108,100
15,25,2
164,151
130,138,134
135,130
194,22,903
128,76
23,100,54,99
2,169
135,74
50,188
123,184,2
48,76,100,169,178
1,4,138,134
164,151,100,19
169,124
4,154
169,141
130,124
184,139
902,176
151,74
151,15,48,181,146,76
164,151,130,76,141
129,138
169,138,74
93,138
100,76
151,26,198,154
142,98,54
164,100
128,135,169
2,170
166,151
48,151,146,21
15,169
123,2,170,188
132,130
131,76
128,1,15
4,130
123,2
76,138
15,26,76
123,2
48,25,19
108,134
181,130,154
21,93,76,141
100,76,134
98,54
154,138,74
76,124
4,134
128,100,74
151,146,76
25,98,134
4,139
128,74
15,93
26,141
1,50
15,142
128,1,134
164,151
25,26,178,154,138
128,23,26,154,141
138,19
128,1,138
160,108,22,76,14
128,93
154,12,139,141
100,138
124,134
130,138
128,154
128,134
123,2,181
100,141
169,173
181,151,146,139
164,151,142,76
128,22
131,128,154
164,151
2,171
21,142,74
123,100,2,76,173
48,141
48,2,169,170
76,173
128,26,154,138
128,154,107
22,170
142,12,178
48,151,146
187,141
154,134
128,22
128,139
154,124
48,134
178,128,142,76,139,154
4,76
128,169,138,107
164,151
2,130,98,128
12,134
184,2,74
142,138
164,151,171
128,12
123,2
151,177,74
128,154,19
15,142,134
48,138,134
128,15
142,1
128,130,154
129,151,146
135,100
15,170
142,177,171,141
108,130
151,146,154
1,170
142,134
129,139,124
151,142
135,129,76,139,134,130,138
124,134
4,169
123,2
128,129
15,176
135,134
128,25,54,19
128,138
22,93
128,154
142,100,76
135,98
2,146
142,178
2,169
142,151,22,146,171
151,146,154
130,134
128,182
135,134
128,142
169,50
15,134
164,76,133
4,100,134
15,124,18
164,151,134
160,141
123,2,15
138,141
128,151,2,154
123,2
128,74
93,2,76
128,76
154,25,76,15,141
123,100,2,18
93,151,146
128,129,140,154
2,151,146,76
128,134
160,100,12
128,21,100,76
164,151
128,130,138
169,138,134
123,14
130,138
160,26
151,146
142,54
142,169,14
128,142
100,128,15,74,134,22
108,138,134
142,76
142,138
135,138
128,93
151,146
151,177,182
154,141
108,25,169
108,26
48,151,124,170
26,12
93,2
140,141
903,139,134
2,170
123,187,2
12,76,138
128,138
74,124,134
154,22,76,169,14
164,151,74
123,23,2
164,151,178,128,142,146,74,134,131,130,154,141,177
128,151,138
166,151,74
142,154
128,15
1,100
128,135
151,146,154
160,22
151,138
128,22,138,19
130,134
164,142,151
128,134
105,2
128,138
123,2
154,138
128,138
128,134
128,170
151,146,76,124
128,173
128,130
160,169
128,187
93,138
4,170
151,146
198,26,169
151,146,76
128,25,154,19
48,108,93
130,54
100,2,173
4,19
123,187,2
15,1,170
184,2
151,76,146,154
151,146
129,146
142,141
151,146,76
128,12,76
130,139
128,154
128,129,76
151,154,138,134
123,2,54
142,176
25,2
123,188
160,123,50,198,2,170
151,142,146,903
128,12,134
164,151,76
151,146,76
128,164,151,76
128,154,134
190,134
15,154
198,100,176,182
142,12
123,2
151,142,74
169,138
135,151
164,151,12
151,146
160,14
100,182,2,173
164,151
22,139
128,130,74
2,169
124,141
169,50
154,134
130,170
128,138
151,146
198,4
15,25,151,100,146
151,146
142,2
123,2,74
154,124,74
171,134
128,154,134
128,135
15,142,154,134
129,154
48,21,142,76,134
14,74
100,151,146
151,146,154
151,23,146,74
130,134
130,169,170
128,48
15,184,139
128,194,134
131,76
22,134
128,134
129,132
76,138
151,177,171
151,22,100
48,130,107
100,177,140,154
128,130
138,134
76,138
76,107
1,2
128,187
15,151,146,14
2,76
140,12
1,141
129,12
142,176
151,146,154
154,138
135,138
142,76
160,100,76,141
168,138
25,139
2,170
128,76
128,139,173,134
48,100,169
130,134
129,194
100,142,178,76
164,151,107
160,4
12,138
123,1,2,181,169
135,12
146,18
26,2
142,98,139,138,141
198,124
142,19
139,138
139,138
26,2
15,154
128,12,76
129,142
123,187,2
74,141
142,138
123,2
181,142,99,76,141
129,135
26,124
22,76
128,139
142,134
2,169,14
164,151,76,138
151,146,154
151,146
164,142,151
22,74
128,138
128,74,134
169,138,134
154,138
123,2
130,76,138
2,50
130,18,134
151,177,100
139,138
128,138,74
154,138
128,154,134
135,154,171
135,130
128,164
198,130,76,18
164,151
151,146,76
142,76
12,178
123,2,107
123,2
130,169
154,142,93,139,18
100,151,142,146,182
128,74
74,134
128,15
181,25
22,76,138
128,173
128,138
128,134
130,76
151,146,76
25,170
128,164,151,26,93
142,76
4,154
134,141
15,194
160,4,107
164,151,22
142,76,134,22,99,170
128,135,182
128,139,138
26,138
164,100,76
138,134
1,26
164,151
128,15
128,22,154,138
135,154
123,22,1,2
12,124
128,177
166,151
181,142,12
128,138,15
76,138
151,134
164,151,142,139,187,154,18,140
128,135
151,142,146,14
108,124
123,2,169
12,139
100,124
130,138
166,151,76
138,141
129,151,146
164,151,903,76,141,177
128,74
187,26,130
151,141
100,138
128,130
128,164,151
187,2,169
128,2
1,134
128,164,151,76
4,141
2,173
22,74
131,187,130,139
194,142
25,26,178,169
124,14
2,169
130,134
138,134
123,15,76,188,74,93,2
123,2
22,76
151,18,146,154,169
128,134
4,76
128,107
48,130,154,124
129,146
26,74
181,130
151,76,146,154
198,178,76
25,138
151,146
138,134
123,15,76,22,98,2,169
129,138
14,134
15,2,169
15,128,19
151,4,146
108,100,76,138,14
4,76
135,138
4,130
2,14,170,173,141
15,146,154
1,170
12,138
169,124
22,138
128,25,130,154,134
128,22,169
128,139
138,134
1,173
164,151
151,146
142,154,134
123,2,18,176
164,151,171
74,142,141
74,26,140,141
128,130
142,134
164,151
151,146,76
142,22,141
2,134
123,2,169
12,138
164,151,187,170
100,135,130
100,134
132,164,151,93,76
1,154,134
123,100,2,54
128,134
18,188
123,2
142,130,134
902,130,76,176
76,151,177,154
76,138
164,151
134,173
93,138
2,14
135,124,22,154,14,169
142,171
1,2
166,139
128,194,22
129,74,134
2,170
142,134
151,100,19,48,146,25,14,23,169
2,98
26,169,107
139,124
138,134
22,169,138
100,182
48,100,14
139,169
123,2
26,124
26,12
135,140
128,48,142,138
130,169
138,134
142,141
15,164,151,22
142,169,184,74
164,151
128,194,74
100,141
2,74
105,170
164,151
160,93,2
166,139
26,98
15,142,130
128,2,141
164,151,4,146,76,50,170
130,76
108,170,14
98,134
151,146,76
128,187
169,188
128,134
194,2,98,184,74
129,134
123,2
128,76,139
2,130,134
128,1
187,74
151,146,154
128,151
129,134
128,76
135,26,25,138
128,173
128,107
128,22
129,178,141
76,173
151,142
128,22
123,2
25,74
164,76
151,146
187,130,74
151,146,154,18
169,134
135,139
154,138
154,138
181,151,146,14
194,74
194,187
124,141
131,128
902,154,138,168,198,176
100,151,146
128,2
128,22,142
129,134
26,76
130,141
140,139
128,76
15,164,146,19
123,2,15,182
105,76
164,154
74,98,134
138,141
21,151,100,164
2,169,18,107
142,154,138,141
151,146,171
76,138
139,134
164,151,169,124
128,130,154,14
135,76,138
138,141
151,146
164,151,154
128,154,169
108,105
142,187,141
135,12,154,74
128,139,170
151,146,76
123,2
128,100,134
22,187,154
129,171,134
93,138
123,169
166,151,15
22,173
151,4
15,142,26,50
25,130
151,25,146,138
164,151,93
130,138
135,25,98,54,74
129,131
129,26,124
142,170,176,141
76,169,74
128,138
129,124
128,130,76
164,151,22
123,2
128,133
15,164,151
151,146,76
128,194,12
129,76,134
22,146,14
128,151,177,146,154
123,2,171
1,76
151,128,142,173,134,177
25,12,76
169,124
138,134
177,76,138
164,151
2,76
128,142
164,151
166,93,76,107
48,134
164,151,182,74,98,2
128,130
128,154
15,184,98,74
123,2,169,18
160,12,76
128,22,76,134
26,187
2,134
128,1,107
128,76
48,18
123,2
129,138
26,169,134
25,124,19
151,142,22,169
128,138,134
164,151,76
154,139
128,151,76
123,2,188
151,142,146,154
12,140
151,146,76
128,154,19
151,4
128,76,18,173
154,138,134
198,132,22,2,154
184,2,98
128,26,93,169,107
129,132
181,19
128,190,130
15,164,139
123,2
142,138
154,134
128,14,141
130,171
135,134
132,130,76
123,2
128,74
142,169
2,134
130,154
128,151,76
4,182
100,54
76,151,177,169,74
151,107,146,139,22,25,154,21,177
15,138
123,2
160,48,76,107
151,146,154
128,139
164,151,128,15,142,26,74,22,25,154,54,98,2,169
76,139,14
130,76
26,100,169,50
151,146,76
142,198
151,146,76
135,25
166,151
15,151,100,146
12,154
15,22,169,74
182,134
128,130,15
128,25
48,76,138
166,142
123,2
21,22
169,134
22,139
128,135
151,146
22,134
1,138
128,93
135,169
123,2
76,139
12,134
166,151,128
140,138,176
129,135
132,139
151,146,169
128,164,151
170,50,188
135,198,169,134
151,146
160,138,50
131,128,154
128,135,138
194,184,22,98,74
198,105,139
151,177,74
128,141,76,170
142,139,100,154,185
128,15
128,138
123,2
131,141
164,151,25,74
76,138
154,138
22,2
171,2,14
178,76,169,141
198,130
164,151
142,22
151,142,146
164,194,139
130,134
25,124
2,107
154,190,98,139,134
142,133,138
130,134
146,76
139,169
130,14
135,26,12
154,138
151,146,76
190,151,98
105,76
93,151,22,146
135,138,74
903,134
151,146,74
2,154
130,124,170
151,142,146,74
48,76,134
151,142,76
128,194,154,139
130,76,138
142,169
123,1,2
194,98,74
166,151
76,138,134
2,169
128,26,76
93,133
142,170
2,99
142,178
1,107
2,169
129,76,134
128,130,138
129,135
4,154,50,107
2,18,182
160,134
132,169,124
134,171
142,76,138,182
128,138
100,130
123,2
151,177,130
166,139,169
1,2
138,134
93,169,14
151,74
142,169
128,54,138
123,100,26,2
142,146
138,134
124,182
130,76,134
164,151,2
178,170
154,74
128,154,76
93,142,130,176
142,178
22,139
181,74
22,134,140,182
93,138
128,135
177,134
2,107
128,138
138,74
123,2
169,19
123,2
128,130,74
123,2
25,19
154,19
76,26,139,154
151,146
135,142
151,22,146,74
128,135,169,138
138,141
15,151,146,50,130
198,134
135,139
142,169
76,188
128,154
128,187,154,19
128,138
166,151,171
169,124
130,134
128,12
184,74
135,98,134
198,139,107
22,2,76
2,171
128,142,154,74
146,170
164,151,25,12
138,134
151,15,146,134,132,130,154,138,141,194
129,74
151,146,76,19
166,151
25,130,76,134
151,19,166,146,76,134,22,93,130,138,14,25
2,141
22,105,130
124,134
108,105,130,154
1,100
128,135,170
21,151,146,76
2,12
128,2
128,194,139
194,184,130
170,134
902,140,76,138
142,22,138
2,76,124
151,146
128,154,139
128,76
164,142,154
151,22,146
129,134
130,134
160,108,14
151,146
138,134
93,2
130,18,134
128,138
154,138
93,50,170
154,134
142,18,138,141
123,2
142,2
177,141
2,140,14
22,171,134
1,76
1,134,138,141
98,134
76,130,98
128,142,134
194,142
26,98
128,108,130
154,141
151,146,98
198,188
138,154,124
25,178,138
154,134
164,151,76
76,138
130,169,12
22,76,19
164,19,141
142,134,130,74
128,134,74
4,154,50
134,50,176
129,134
128,135,178,134
151,177
15,139
198,25,107
128,74
177,74
142,138
124,134
26,170
151,146
139,124
142,1,2,138
140,98
76,173,134
22,134
130,138
128,154,130,169,134
132,142,76
123,2,76
48,151,154,141
1,169
154,134
123,187,2,76
128,194
164,151,135,128,15,166,146,76,134,74,14,140,12
22,76
2,130
128,26,140,76,130
100,164,151,25,154
164,151
130,154
151,146
130,98,74
123,2,15
187,2,169,26
142,138
107,100,141
154,138
164,151,166,142,154,18,141,12,169
142,140,12,74
128,22,76
198,4,130
184,74
123,184,2
138,22,124
100,98
4,178
166,151,154
128,23,15,169,138
902,151,129,154
15,76
93,12
133,128,173,134,154,169
902,12,76
23,130
128,140
15,164,151,198
130,76
1,2
4,76
123,2
142,176
26,2,76
15,12
25,2
151,76
139,138
1,14
151,146
129,48,22
142,134
151,26,146
154,138
164,151,154
4,76,188
128,15,142,130,154,14,169
160,142
1,76
181,130
100,2,173
135,151,164,178,129,128,142,146,76,134,131,22,93,154,132,12,171
164,151
142,138
169,138
194,903
135,76
164,151,124,154,18,14
2,169
128,22,154,134
128,129,76
123,2
142,138
15,14
128,18,74
151,146,154,138
128,108,76,138
108,124
123,2
1,138
76,139
134,170
128,138
128,138
26,138
25,98
2,54
129,139,138
15,164,151,182
164,151,169,107
151,177
129,142,138
128,130,140,171
128,76
194,142
142,93,12
128,76
15,98
164,151
128,138
22,130,138
128,130,76
128,76,182
138,182
93,188
140,76,54
128,19
151,22,146
128,169
198,187,188
160,2,50
151,142
154,74
146,139,19
123,21,22,23,2
128,12,154
142,170
22,139,74
2,124
128,135,130,21
164,151
151,76
142,134
135,12
128,108,138,170
1,134
4,134
128,25,173
123,2
128,134
123,108,2,188
2,98
128,129
14,182,74
128,134
130,170
12,138,134
168,138
132,76,124
128,130,169
164,124,146,76,134,130
100,108,151,146
128,140
128,135,138
21,139,173
151,177,25,19
100,141
154,138
76,139
142,76,14
100,176
164,151
2,130,169
123,100,2,23
128,76
26,134
164,151,74
128,194
151,76
26,4
26,2
160,26,169
128,76,141
151,74
198,2
128,134
19,76,173
2,107
138,182
194,22,134
123,100,2,169
142,154,138
76,141
2,76,138
128,76,134
169,138,14
15,22,98,74
184,12,154,130
154,138
128,74
142,154,141
128,142
22,138
194,74
151,22
1,2,138,14
129,146
187,169
26,138
170,107
151,146,74
169,170
154,133,138
22,2,169
194,100
154,14
15,154,141
123,2
902,22,138
142,19,100,170,173
128,135,134
128,25
4,130
151,146,76
134,140,76,141
130,124
19,107,134
142,74
128,12,154,182
128,194
100,107
2,169
2,76,141
135,139
142,151,187,76,141
123,2
123,22,2,98,173
128,98
129,171
151,124,15,129,146,93
76,138
170,74
169,134
1,169
93,141
76,139
142,134
76,138
129,74,146,134
22,142
166,151
4,130,134
131,187,25
48,1,138
128,138
135,138
22,188
128,169
154,22,139
132,130
151,142
135,130
154,141
128,108
2,169
2,130
138,170
160,108,124
123,22,2
135,130
22,134,176
194,22
123,2
128,26
177,76
141,154,138,134
160,93,142,25
74,140,154,130
128,76
100,76
128,130,134
93,2
26,134
22,1,107
142,76,141
135,194,74,12,134
198,107,188
123,2
142,146,76,141
138,134
142,170,141
15,130,169,12,19
107,188
151,100,128,15,146,139,74,134,130,138,141,194,177,184
100,154
140,154
130,154
128,135,22,105
48,108,138
151,177
100,108,1,2
128,22,171
181,190,124,134
187,124
25,169
181,123,76
22,171
128,134
130,154
170,107
123,2
93,134
123,2,170
124,74
151,146
128,100,18
154,134
48,22
139,173
4,130
128,98,12,139
151,177,74,141
128,177,187,76
22,134
128,142
160,76,188
151,177
25,2
138,170
2,76
169,141
123,2
128,130
130,107
128,76,134
190,98
15,198,1,160,169
128,12
4,178,169
128,22,107,19
129,139
128,76,138
22,2
128,22,142,76
142,100,76
128,138
142,177,76
15,19,146,141
169,188
123,2
164,151,21,76,198
160,171
139,138
151,146,154
176,134
128,182
2,169
15,22,18,14
164,151
902,198,76
151,177,169
128,54,138
154,138
123,100,18
2,169,19
48,18,14
135,154
128,129
100,99
164,151
4,107
142,134
142,100
151,146
194,98
123,2
128,129,139,76,98,154,2,12
1,176
128,138
128,134,74
76,138
76,142,1,139,26
164,151
2,164,151,166,129,26,146,139,134,74,22,130,154,25,141,177,140,169,12
54,182
123,2
128,100
22,23,169
151,146,154,141
15,135
190,25,124
138,134
128,130,76
128,134
135,74
123,2,169
128,138
151,146,170
184,93
128,132
128,154,134
142,138
128,22
128,130,134
18,182
142,154
128,130
128,76,98
22,169
142,140,76,171
151,146
22,26,2
181,12
130,134
124,14
76,138
123,2
22,2
142,178
123,2
128,154
128,48
151,146,74
190,98
128,98
151,146
128,169
26,100
128,135,138,74
22,154,169,98
128,132,184
128,76,171
128,130,140,99
128,130
123,2,76
164,151
123,2
142,138,134
166,22,154
130,98
128,108,76
100,22,187,2,169
129,135
128,142,130
129,135
123,108,1
130,124
129,142,160,138
128,12,134
128,100,154
15,76
164,151,154
184,100,169
76,134
169,138
154,124
140,138
164,151,154
100,178
164,151,169
176,134
15,164,151
130,124
130,138
22,26
123,2
139,25,140,138,2,169
93,76
142,138
151,76
100,170
138,134
132,169,134
151,154
142,154
128,166,151,14
2,188
142,169,138
164,151
142,76,138
12,76
22,154
177,141
107,134
48,108
2,19
151,146,182
123,2
151,146,76,134
15,107
100,142,93
2,169
130,74
123,2
123,22,2
190,134
138,134
15,22,130,134
128,130
128,22,154
151,146
130,139
15,187,100,154
15,182
151,146
128,134
15,74,194,141
48,142,76,134,130,169
2,74
123,22,2
903,139
22,142
135,76
151,134,177,76,141
25,154
154,108,26,169,124
187,4,130
178,138
2,25,100
76,170
123,2
128,132,187,124
21,124,182
151,146
123,1,2
22,903
98,74
138,134
124,141
142,138
171,173
160,21,4,130
166,151,76
129,130,134
15,178,169,50
15,128,98
151,146,76
22,98,74
76,141
123,2
138,134
142,154
123,2
138,134
142,169,14
151,142,1
15,132,93,154,124
123,2
124,19
142,76
160,128
160,14
76,4,169
138,135,198,50
123,2
142,141
177,26
129,98
76,141
166,169,74
128,194
151,154,182
2,169
26,130
128,194
128,138
185,76
128,48
135,170
182,169,141
164,151
154,134
1,2
128,132,108
50,76,138,134
142,2
124,173
164,151,134
142,138
25,100,76,18,134
124,134
100,185
15,21,48
15,151
130,134
142,177,182
154,74
151,74
100,25,124
164,154
123,1,26
140,76
76,141
26,187
178,170
135,128,76,22,93,130,154,194,132,140
12,139
48,154,134
2,74
93,138
128,154,141
128,130
135,142
160,130,76,138,134
151,146,154
151,177,169
139,138
93,2
12,139
26,2
138,182
187,76,173
74,178,19
164,139
2,173
135,169
151,146
15,178,128,74
131,138
15,98
128,181
160,164,100,169
123,2
129,138
128,93,138
129,74
76,141
23,134
130,139
128,154
128,135,1
169,138
164,151,141
129,93,130,76,134
123,2
135,138,74
1,134
22,187,2,19
164,151,135,178,166,128,142,146,76,136,134,139,131,130,154,93,141,132,140
128,1,138
135,74
164,151,138,134
123,2
198,176
160,138
128,76,1,130,14,132,169
23,169,19
164,154
142,74,134
15,141
151,146
142,74
151,146,74,130,98,194,184
76,138,134
142,76
21,151,177,76,138
123,2
26,140
128,194,15,74
187,19
128,194
169,154,124
123,2
74,139,141
182,169,141
164,151,178,15,146,130,154,184
142,134
128,93,154,124,130
128,25
4,76
160,15
123,2
2,76,141
128,138
138,107
138,134
164,151,2,76,74
177,134,141
135,130
76,169
76,2,169
123,187,2,74
123,2
139,134
142,173
100,2
76,124
2,107
128,74
2,134
93,138
187,26,19
128,164,151,25,74
130,134
123,100,2
128,108,138
164,151,129,15,142,146,74,134,22,130,154,141,184
12,138
4,107
128,169
123,2
1,2
141,169,134
902,26,93,15,134
108,129,48,128,182,138
178,169
128,22
128,169,154,18
128,76,138,134
151,146
128,135,2,173
98,22,139,138
129,146
100,128,142,187,93,18
178,146
151,146
2,169
128,2
26,169,188
129,134
100,139,138
198,98
15,2,76,54,182
123,22,2,76
48,76,14
146,139
128,22,154
15,135,25
135,130,154,138
128,1,169
151,177,76,141
135,25,76
128,134
135,128,48,142,26,136,76,134,22,130,154,138
128,93
128,151,100,146
138,173
130,138
146,76
128,100,54
130,138
164,151,171
128,23,154,138
128,2,12
123,2,74
184,142
25,12
154,76
12,169
128,142
128,142
139,169
128,93
160,151,129,142,146,134
139,124
142,154
130,154
4,169
132,134
128,190,76
130,139
128,135,138
903,171
166,135,151
2,76,170
164,151
100,173
22,171
128,134
1,2,26
135,138
76,130,154,138,134
130,74
164,151,76,169
22,134
128,22,140,154
128,135,93,138
142,171
187,76
26,2
76,169
164,151,169
142,154
128,14
132,133
128,74,134
130,138
12,178
129,146,76
128,130
129,76
123,2,76
124,171
98,134
151,146
151,138
902,160
154,138
128,108,26
160,93,151,146
142,76
128,130,154
4,130,134
48,25,182
133,138
74,169,134
19,141
128,100
22,2,76
142,169,141
2,170,188
140,154
128,138
15,142,74
903,171
22,141
107,188
135,134
128,151,142,177
142,74
128,130,154,15
194,98,74
2,93
124,19
128,154
139,130,133,141
129,100,76
138,74
142,100,76,134
164,151
123,1,2
12,74
128,76
135,12
151,146,169
135,169,134
123,1
154,151,146,169
160,2
142,134
76,142,26,105
128,134
108,76,14
128,135,134
151,146,74
142,138
93,138
129,139
128,134
129,169
124,128,130,154,12,169
138,74
142,138,74
154,138
12,138
93,151,146
22,76
146,134
123,2
129,93
142,134
138,176
142,76
123,170
108,76,138
198,134
177,76
123,187,2
130,124
151,146,22,18,132,105,169
142,76,139,176,141
22,178
142,98
21,187
123,2
130,154
2,170
135,76
15,23,54
129,146
22,76
132,154,74
128,2,139,169,173
2,25,12,74
21,2
142,134,74
123,100,2
123,108,169
100,76
164,151,4,146,93,154,132
129,138
4,76,176
164,151
164,151,22
164,134
169,138
154,134
130,76,124
128,903,139
164,151
142,100,141
184,2,74
100,93,2,173
21,19,4,176,107
4,130
151,146,173
19,107
15,25
22,171
146,139,134,22,154,16
151,146,154
151,166,139,173,134,169
22,76
22,134
142,22
164,151,22,154
76,141
128,48,182,154,173
128,139,154
100,22,146
164,151,130
76,54,134
128,48,130,154,141,140,169
1,76,26,170
128,48,23
142,141
123,2,169
128,76
4,169
169,134
2,76
98,138,74
160,4
142,50
151,146
2,138,130
4,12,76,18,141
93,130
128,187,76,134
128,170,107
128,25
187,2
187,2,76
164,151,100,124,166,76,22,130,93,141,140,169
123,2,76
169,138
2,19
142,178
160,105
15,154,107
123,74
160,76,138
128,100
135,98
128,12,169
154,141
22,169,154,138,19
151,146
142,182
198,50
129,142,12
128,135,54
128,140,74
128,139
2,76
128,151
100,76,188
2,76
123,2
2,76
4,50,141
164,151,22,76
128,25
15,151,23,18,138
128,134
184,187
15,154
22,141
129,4
12,138
15,164,151
128,135,22
76,139
23,188
128,15
123,2
128,151,154
140,138
142,141
128,169,19
2,169
128,142,74
123,2
198,4
22,18
128,194,100,173
187,2
100,134
128,134
151,26,146
128,132,138,134
135,151,146,124
166,128,74
128,129
128,154,141
76,99
169,188
128,178,134
2,138
4,169
100,187,130,76
133,134
138,134
198,188
128,134
128,169
128,107
14,25,4,140,107
151,169,14
128,188
128,141
142,76,18,141
151,146,76
130,169,141
160,134
164,151
128,138
76,107
151,12
151,146,124,74
194,142,903,22
128,25
142,134
93,138
2,169
142,22,76
128,154
135,48,138
169,124
123,108,2
22,76,139,169
140,124,14
25,134
129,23
151,128,146,76,134,182,154,12
25,2
26,100
178,76
141,139,93,50,18,198
128,100,76,134
128,154
15,12
128,132
2,19
4,169
166,12,139
14,99,154,141
123,2
2,170,74
26,2
128,26
142,177,140,169,138
2,14
128,169,107
128,12
151,146
198,182
190,134
130,134
138,141
100,26,2
2,107
142,141
123,100,2,74
2,138
142,154
123,2
76,139
129,128,26,76,134,182,187,130,138,132,12
128,15,142,154,184,169
154,146,139,74
26,98
25,154,138
142,134
142,154
128,12,154
22,23,130
151,146,74
138,141
15,12
169,124
2,76,107
129,131
160,134
93,2,170
134,2,140,130
902,15,138
128,154
98,139,169
194,74
177,100
129,1,154
154,138
128,140,138
902,1,15
15,108,22,140,76
135,154
2,169
124,188
15,76
181,76
128,134
181,98
76,188
4,169
128,14,134
132,198,50,170
128,130,74
76,22,25,93,141,23,169
15,4,2,154
15,134
123,2
135,100
128,154
74,154,134
164,1,76,124
139,130,169,124
154,146,139
142,169
100,107
93,138
123,2
128,178
142,26,139
169,138
123,169,15
25,12,169,74
23,12
76,50
151,4,146,154,141,169
2,76
142,169,138
25,107
21,134
151,146,76
187,169
160,902
128,130
130,154
93,74
48,198,2
151,146
128,129,169
154,138
169,76,18,14
2,178
130,134
129,132
128,135,142,76
130,76,12,134
128,187,138
124,173
190,134
128,14
135,142,2
123,2
154,138
142,178
23,18
128,135,15
123,1,2,170
130,138
132,138,134
100,169
100,25
140,154,124,134
128,169
164,76,50,107
108,1
76,138
21,142,76
123,194,2
98,74
154,142,139
142,134
128,138
128,154
902,76
130,173
93,142,130,139,138
2,130,134
22,98
128,138
146,76,141
15,23,76
123,2
169,74
48,23,2
128,74
128,154,76,134
169,74
151,146,76
130,170
142,138
142,178,136
164,151,76
4,76,134
48,187,138,134
151,146,76
123,2
128,170
128,2
128,169
194,22,2
140,124
135,18,138
128,138
128,76,154,107
22,76
129,170
108,26
130,169,12
128,76,173,141
128,151
160,198,2,107
15,76,4,105
129,128,154,54,19
2,188
76,23,154,188
151,146
2,139,138
154,139,74
151,142,146,76,134,22,154,18,138,169
128,22,154
178,124,15,173,130,105
22,76,19
74,154,134
142,25
48,18,14
2,170
130,134
22,170
151,146
76,130,169
22,76,138
22,130,139
151,146,141
123,2
4,177,76
123,1,2
181,138
128,76
130,169,134
108,139,138
128,142,74,154,194,177
168,1,76,26
128,198
124,188
15,184,2
164,151
181,135,134
151,130,146
138,19
164,151
129,135
123,2
76,169,124,134
76,124
128,177,178,76,181
154,140,98,74
93,151,146
123,187,2
26,2,169
130,170
169,138
128,1,76
128,76,154
154,2,76
178,76,139,134,141,140
76,98,124
26,2
128,135,74
128,142,141
184,2
22,134
142,169,19
22,169
164,151
178,14
128,138
164,151,154,141
184,22,98
128,142
93,26,25,169
151,154,141
128,100,12
76,173
151,146
160,76
128,154
107,134
131,142,169
130,141
2,169
128,169,138
164,151,178,146,138,140
128,48,134
128,93,76
902,1
26,2,169
2,169
128,135,138,134
128,14,134,74
151,146
128,134
160,107
129,138
128,21,23,76,139
903,139
98,134
100,93,4,130,176
151,146
154,134
123,2,99,19
142,26
142,154,18
135,142
15,151,23,146,173
76,138
100,134
123,2
164,151,76
48,18,124
177,76
164,151,134
146,139
164,151,74
128,164,151
151,4,134
128,48,133
177,141
128,25
128,138
190,130,154,134
169,173
130,138
22,76
25,100,139,134
123,2
15,22
138,134
129,23,134
135,128,129,134,74,130
198,76
128,142,138
128,108,1,154
160,108,48,93,138,18,105,169
128,130
135,100,134
128,154,173
128,130,171
19,128,26,74,134,154,2,169
135,26,98
188,187,21,198,2,170
138,74
2,130
142,130
134,1,138,18,132,2
164,151,129,22,154,140,171
93,151,146,76
128,134,132,130,154,194
12,76
130,154,138,134
4,178
123,2
12,139
132,169
140,74
108,93,138
128,76,14
142,22,134
15,169
142,138
177,154,141
132,74
129,22
160,48,22,128
154,139
123,2
132,100,173
128,198,76,107
128,142,154,134
123,2,54,15
100,151,146,169,181
131,74,128,141
128,169
128,130
178,74
128,154
4,76
128,154,134
128,142,76
128,26,25,134
123,2
100,176
128,134
48,134
171,135,140,134
129,134
76,169,19
15,26
154,138
1,2
151,142,146
133,138
169,134
98,182
23,76
128,76
138,124
151,177,74,14
26,187,2,1
128,130
128,48,100,14
138,74
151,142,2,76
142,138
15,142,185,12,170
48,198,12,76
22,2
123,2
100,140,76
124,14
128,173,182
128,134
178,138
2,169
128,21,187
25,12
14,138,74
166,151,146,154
22,54,138
4,134
15,128
100,146,141
151,76
135,100
142,4,139,134
164,151,178,142,26,146,139,76,134,130,154,141,132,12
194,142,154,184
132,130
142,154,138
151,146,76
123,2,169
22,134
131,128
128,130,107
123,2
135,136
100,194,130
164,151,74
123,2,107
138,134
166,151,76
164,151
164,151,76,98
151,105,146,170
138,74
128,130,15
142,76
2,134
128,1
25,169
128,76
138,74
129,22,154,169
164,151,154
128,15,107
26,98,134
123,2,74
76,141
139,76,138
154,169
128,151
128,187
123,2
142,138
194,74
142,76
160,187,76
128,22,26,134
128,134
25,2
123,100,1,187,26
128,93
164,151,134
130,76,138
15,18
166,151,93
151,146,76
160,18
135,138
142,177,139
135,132,170
198,2,169
131,130
93,138
128,154,134
185,138,130
194,76,141
108,2
128,21
48,187,25
142,141
2,54
151,146
135,22,76
128,100,187,130,154
130,74
128,1
25,138
135,138
22,154,134
184,74
123,2,170
166,135,151
48,138
138,134
128,135,142
142,141
135,1,2,154
123,2
154,93,76,124
4,154
154,173,141
128,130
26,169
154,134
128,184,194,100,154
164,151,98
129,194
181,26
164,151,76
93,151,146
128,169
164,151,76
128,93,194,130,74
151,146
1,134
123,190,2,15
2,19
100,169
151,146
123,2
22,187,100,23
142,141
128,48
18,26,108,169,138
128,74
151,146
128,76
138,134
23,19
128,170
2,154
108,169,124
128,139
154,124
26,169,188
142,154
194,134
15,128
151,177,74
25,140,154,107
123,93,2,188
151,154
135,903
50,100,18,107
164,151,171
142,25
154,4,139
100,76
129,108
151,15,128,146,76,154
154,188
142,26,130
151,132,177,140,169
76,124
124,171
76,138
151,76
4,187,19
1,50
98,169
15,18
128,76,19
169,138
135,151,146
131,48,187
123,2,76
123,2
130,169,124,134
128,138
123,1,2
26,12
22,151,177,169,15
123,2
130,134
129,134
128,194,138
105,134
164,151,93,139,124
181,14,54,134
93,134
128,154,169
142,50
4,170
128,48,132,100
169,134
139,124
128,76,15
76,139,124
151,1,98,74
903,134,22,154,12,171
23,2,169,26
151,146
123,2,98
15,164,151,108
128,54,99
154,138
184,187,169,74
160,138
135,198
26,154
187,2,19
128,23,178
22,2
123,2,98
151,141,74
123,2
2,74
142,134
198,4,12
135,130
187,2
22,154
2,169
166,151
169,134
128,135
154,138,134
170,14
76,138
14,141
123,25,2
123,188
128,93,139,138
48,26
15,142,139,19
128,142,130,12
151,177
76,138
128,76,138
142,130
108,105,2,26
22,130,76
142,76
22,903,2
142,74
128,2,134
151,76
135,22
128,74
12,154,134
2,188
123,2
154,140,12,139,134
160,139,15
15,22,169
128,15
139,14
22,54
1,134
129,130,133,124
26,76
2,124,134
2,169
142,182
128,22,14
128,76
135,139
135,22,182
22,171
198,2
142,76
142,164,151,177,76
142,12,171
15,2,169
22,2
128,12,139
130,169,138,134
1,130,138
123,2
166,151,15,74
15,154
128,74
151,146
128,93,76
151,100,15,146,76,22,130
187,76
1,76
142,76
132,130
135,142,76
129,135,169
135,138
128,22,105
1,154,23
2,14
128,76
160,176
142,26,130,154,134
130,134
160,12
76,138,134
194,2
128,74
177,93
151,146
142,22,100,76,54
160,76,169,18
142,169
130,107
128,138
123,2
2,169
123,2
123,98
128,135
22,98
142,22,76,134
151,146,76
123,2
135,140
198,138
129,134
123,108,1,2
194,132
135,93,136
151,146
135,134
160,1,107
187,154
22,146
131,21,138
142,154
2,74
142,141
25,26,130,98
22,4,50,134
123,2
108,2,170
48,142,19
128,154,134
2,138
76,169
151,146,76
134,74
2,171
128,2,173,14
130,154,124
130,134
185,169,50
128,93
76,139
21,142,26
2,170
151,146,76,18
135,151,166,26,146,134,74,22,25,54,169
164,151
151,146,18
107,26,19
100,22,130,134
130,138
151,146,76
12,134
48,164,151,26,76
26,76
142,138
128,1
12,182
123,15
76,25,154,2,169,12
138,173
154,105,76
123,2
123,2,169
98,74
194,151,146
25,76
142,154
198,100,134
100,74
135,142
151,146
151,146,76
130,169,134
903,171,16
128,22,134
107,1,171
128,169
129,14
151,26,146
22,188
142,138,134
76,26,169,139,18
160,132,134
2,139,134
1,2,173
131,128,74
130,134
151,146
166,194,22,139
123,2
151,76
123,2,19
22,169
128,139,74
141,134
151,154,124,74
128,164,151,74
108,138,14
169,138
2,123,25
4,178,76,134,130,141
151,140,169,74
123,2
142,138
26,2,134
151,146
2,169
181,138
142,76,138
178,154,138
22,187,124
129,130
128,169,18
146,140
164,151,177
128,93,138
22,142
15,2
164,151,169
14,142,26,98,134
22,93,139,98
100,25,2,188
142,12,134
128,138
164,151,154
108,100,128,15,154,14,169
151,146
169,138,134
141,74
93,22,2
15,142,130,154
164,151,22
160,164,15,146,139,134,22,1,154,138,198
123,2
187,93,12,134
100,151,142,146
123,21,2,170
151,154
15,164,151,154
22,100,76
15,76,182
12,154
76,14
123,2
151,146
19,141
184,154
128,74
164,151,19,76,154,169
123,188,107
124,134
164,151,76,140,146
93,134
128,23
128,18,173
164,151,139
130,138
12,140
198,138
123,2
164,140
123,2,74
151,146,98
128,12
22,76
164,151
128,26,12,154
132,74
76,169
128,151,76,25,139
1,134
135,142,22
169,18
187,130
123,2
26,76
128,142,22,12
128,21
177,74
19,15,142,76,22,154
903,166,134,140,12,171
151,177
93,2
128,130,169,15,74
128,132
151,146,141
15,4
124,134
22,23,12,154
123,2
128,140
2,169
142,169,138
15,164,151,169
151,177,76,26,14
108,182
123,2
123,2
128,130
154,19
128,154
142,177,154
129,130,18
154,138
135,140
130,19
128,76
151,171
151,171
187,2,76
142,141
128,184,169
18,170
128,142,130
135,130,76,134
132,138,141
154,2,100,139,173
142,76,134
181,173
48,134
123,190,26,2
26,134
98,138,134
154,177,139,18
169,74
48,142
187,130,169
135,98
100,139
128,135,105
154,138
22,187,76
123,2,169,14
154,135,142,139
128,93,76
154,142,76,169,141
21,23,2,74
151,146,76,12
135,151,164,15,26,140
15,151,177
138,134
123,2,76
151,4,130,146
128,76
132,154
100,154,124
128,74
131,138
15,170
142,178,154,169
26,138
128,48,138
2,139
128,134
100,134
139,138
22,903,182
128,93,139
128,154
160,22,134
128,138
164,151,19
128,169
123,2
130,169,124
128,48,26,130,15
48,178,76
1,2
151,177
76,140,139,176,141
98,169,74
12,136
4,130,154
130,154
198,22,12
142,187,100,170,134
187,76
194,2
128,108,139
123,2
15,100,18,173
184,187
15,135,98,139
151,198,154
128,138,74
151,142,146,154
123,2
4,169
128,141
128,76,139,138,2,170
128,151,146,76,15
185,138
93,134
12,139
128,134
154,130,98
135,22,169
187,2
123,187,2
2,124
151,146,76,18
128,74
151,146
164,151,76
129,135
190,22,100,124
178,74
123,2
26,98
22,130
131,128,154
164,151,22,93
15,26,25
130,139
100,187,130
181,190
128,54
2,169
128,108,154,138
128,154,18,74
76,18
128,26
151,146,170
123,2,98
128,74,141
15,154
166,76
123,194,22,2
2,169
164,151,133,124,19,129,166,123,26,128,76,139,134,22,130,25,154,2,169
76,138
128,140,76
142,22,138
124,171
151,146
74,170
198,76
151,146,76
128,138
138,134
132,74
190,26
130,154
129,133
154,138
128,134
22,12,182
164,151,134
1,141
135,198,12,169
123,2
151,146,154
1,76
129,138
177,124,74
15,198,2
142,74
151,4,146
1,138
124,134
198,138
128,132,22,169,14
164,151,4,146,76,154
131,169
76,138
151,146
123,2
139,141
123,2,169
170,107
128,74
15,25
154,190,76
128,108,141
123,184,2
128,130,154,18
142,169
190,26
25,107
50,198,18
164,194,142,136
128,1,2
15,169,18
142,198,154
142,154,74
128,154,138
128,130
169,134
187,2
22,134,74
2,76
99,2,170
129,194
128,170
129,26,134
151,146,74
151,146
15,138
4,134
164,151
130,124
170,138,176
902,169,138
1,74
142,138
15,128
128,12,76,169
902,1
2,169
169,138
25,26,12,98,74
128,134
154,139
128,12
151,74,139,54,98
105,169
128,141
151,146,76
1,2
123,2
138,134
135,76
142,76
4,154
128,48,140,138
154,139,134
15,154,19
134,2,173
128,48,154,18
128,154,134
164,151
134,139,171
160,135,76
151,12,154
169,141
128,135,22,93,124
129,22,134,139,141
130,171
151,146,76,182
178,74
154,138
22,141
138,134
151,177,169
93,188
128,138,74
128,154,170
151,146,124
176,198,138,134
160,107
1,107
140,138
164,151,154
12,142,178,138
128,15,74,134,25,54,14
15,100,76,141
142,187,100,138
128,154,107
15,160,2,169,19
164,151
142,178,74
98,134
1,76
164,151,142,134,93,130
4,139
902,135,98,76
142,22
135,134
22,151,177,23
128,76
21,76
151,124,74
169,138
187,2
151,146
128,138
107,176
128,2
123,2
154,124
26,124,170
151,76,146,154
128,76
128,194
128,194,15
93,138
135,22,138,134
123,22,2,169,170
160,138
169,134
151,177,178,146
123,2
123,2
93,154,74
142,154,141
4,169
129,74,134
164,151,74
25,141
15,130,124,134
22,105
128,135
48,198
177,139
151,146,74
187,2
2,76
142,151,903,76
74,141,124,134
187,76
154,134
135,130
128,135,151,12,164
22,2
132,169,154,124
128,132,169
15,22,128,169
902,151,154,198,138
135,154,138,19
166,130
128,74
74,141
151,146
128,12
22,76
135,132,124
22,169
182,76,12,99
128,151
123,2
166,151,139
177,130,19
123,2,50
138,134
194,98
128,169,134
151,146
139,138
123,2
128,154
151,177,74
135,170
130,134
123,2
128,131
18,124,134
123,48,2
128,134
138,14
2,188
151,146
138,142,176,141
128,1,2
1,139
15,198,100,154,12
25,138
164,166,139,74,177,169,170
136,154,171
187,2
130,138
128,130,139,138
128,76
142,154
26,134
2,164,151,146
2,14
170,141
142,22
128,139
15,26,76,902,138,198
25,141
100,76,141
151,146
130,138
142,178,76
142,130
135,139
184,142,154
22,26,100,134
25,26,2
22,76
128,22
169,173
142,182,141
48,100
142,169,141
128,164,151
128,130
130,154,176,134
76,134
154,138
151,146
129,22,169
128,25,139
164,151,130,74
154,171
128,134
128,130,14
164,151
130,134
176,169,50,107
4,12
135,138
128,134
129,134,139,171
128,22,54,74
128,25
135,76
26,134
123,2
12,134
139,134
1,2
138,74
15,135,25
130,134
25,98
154,139
130,138
22,139,54
151,142,130,154,16
123,2
128,2
160,100,123,185,2,169
2,138
23,100,134
176,141
142,130,141
130,141
902,105
138,141
142,187,76,182
128,164,151
151,146
128,154
22,169,134
142,177,76,141
123,2
160,22
128,151,129,171
128,134
178,138
93,138
128,1,130,138,129
128,130
184,141
164,100
100,130,134
25,22,146,14
194,2
2,170
22,23,2
151,138,134
198,177,154,107
130,154
22,154
128,154
123,2,188
128,187
129,138
151,146,134
164,151,100,19,142,146,76,130,23,169,99
135,76
128,135
151,146
14,26,134
128,48
130,154
15,151,76,132
164,151,129,128,15,142,146,139,74,141,177
76,138
93,124
123,188
181,54
139,176
187,188
108,134
15,154,138
123,2,14
12,76,138,173
15,100,76
123,2
2,74
48,164,151,154
128,74
151,177
128,130
123,22,169
129,19,134,170,182
128,93,173
128,169,134
2,138
128,134
142,198
26,124
164,151
142,100
194,142
4,176,107
25,2,74
128,22,140,154
128,154
128,154
19,22,134
139,124
128,134
142,187
194,164,151,139
140,124
142,23,138
128,182,76,141
128,76
187,2
22,134
142,1,100,76,12
151,146,16
15,18
93,130,124
128,194,98
151,146,154,14
128,194
1,134
128,1,154
151,22,169,14
181,151,146,74
198,107
138,173
128,169,138
140,138,170
1,178,154,12,173
177,154
181,54,138
128,151,146
128,25
26,169,170
151,146,76
128,74
18,182
154,138
48,100,154
93,130,141
128,74
15,151,146
15,138
1,2,169,188
151,142,19
15,154,139
194,164,142,136
128,2,138
166,93,154,19
15,198,4,105
22,134
151,105,146
154,139
154,133,134
128,108,93,169
93,100
128,22
2,19
128,93
25,138
128,142,15,74
139,138
100,93
142,154
1,140
25,176
100,123,76,173,187,2
123,2
76,134
128,170
135,130
100,138
169,124
902,76,138
138,14
128,138
2,18,173
2,76
128,169
164,151,141,48,146,139,76,1,130,154,138,14,2
169,54
142,141
128,154
128,135
128,25
130,170
129,134
181,139,173
123,2
164,151,166,128,142,146,76,182,22,130,154,171
164,151
128,1,154
2,74
151,146,154
128,135,194,134
25,170
135,142,134
151,142,173
151,146,76
2,169
132,154,138
151,146
138,134
105,154
130,138
164,151
164,151
128,22,76
151,146
19,128,76,1,93,138
151,146,178
142,22
128,154
135,140
100,138,171
2,25
4,169
160,76
164,151,22,146,74
128,14,154,182
12,154,138
151,25,154
128,48,76
142,154,138
15,130
138,141
142,22,54,14
2,99
128,138,74
130,74
140,98
22,2
169,54,138
142,139
128,160
181,135
22,198
187,26,2
135,12,134
146,76
128,135,76
123,2
164,151
123,93,188
128,130
130,141
23,169,124
128,130
164,124
181,74
164,151,139
130,124
128,23,100,170
135,142
128,142,182,19
22,76
142,178,76,138,141
151,146,169,141
151,142,146,184
4,25,26
181,100,128,134
128,142,138,170
130,169
151,146,76,74
135,12
128,15
166,100,169,19
142,170
128,142,76
130,124
181,130,74
194,154,18,134
15,74,19
136,138
128,22,134
128,22,2
4,169,50,107
128,107
151,146,169
151,146,76
128,135,15,182
164,151,146,76,169,170
151,22,146,76
142,134
142,138
151,177,170,74
123,22,2
142,134
123,2
138,134
123,2
154,138,134
2,14
128,194,74
129,93,98,134
129,130,124
128,903,171
15,100
151,146
76,139
185,98
100,2
15,76,124
128,18,134
2,188
151,142,177
168,154
131,135,154
2,154
151,177,76
142,93
128,76
2,169
128,138
50,134
100,15,181,22,25,54,169,99
4,154,19
93,151,146
169,138
74,130,134
903,130
14,151,146,139,182
142,134
123,2,169
99,142,100,141
76,134
128,93
129,134
15,4,187,105,182
178,74,134,154,138,184
128,26,130,154
4,76,26
128,164,151,74
2,14
128,154
154,173
128,130
76,138
135,2
166,22,4,169
135,187,76
123,2,74
164,151,22,154
74,134,141
54,138
15,100,154,138,99
26,134
138,176
190,76
15,100,12
108,170,169,138,134
15,128,74
160,198,12
151,134
142,170,154,173
164,151,146,171
164,151,76,124
129,135
198,4,176
15,76,154,138,141
184,154
48,25
23,130
154,100,76
164,151
12,170
130,138
100,2,98
108,93,14
128,135,22
160,198,15,18
154,93,76,141
128,154,107
128,194,76
142,22
129,48,132,138,107
168,1,169
138,134
1,2,154,134
164,138
164,151
128,22
128,21,2
128,93
128,139
130,74
154,124,173
142,100
151,166,146,76,74,141,177,169
15,134
128,138
128,130
22,2,171
128,138
130,170
123,2
15,22,138
123,107,2,76,188
128,142
25,12,154
123,2
128,76
169,134
140,130
154,139
123,2
184,173
135,194,138
123,2
123,99
15,142,22,169,54
22,2
139,138,170
134,170
128,139
76,93,139
93,169
128,93,138
198,26,2,187
142,134
138,134
164,151
151,76,19
194,130
130,154
108,124,173
128,93,154,138
123,2
151,146
123,2,169
128,100,76,107
123,2,170
2,134
26,74
164,151,154,171
151,146
1,26,134
181,2
166,151
128,26
15,128,14
128,130,76
154,139
128,135,140,76
76,124
142,138
15,142,154,14
154,134
128,100,130,76
140,154
129,14
128,74
100,25,124
154,134
135,151,181,26,146,139,134,138
128,134
100,142,76,22,138,105,12
128,138
154,164,151,198
128,135
129,198,154,141
154,138
142,169,141
135,4
151,146,107
123,2
124,134
160,48,22,169
128,154
142,141
160,2,169,188
140,138
170,124,134
1,76,173
100,170,134
128,48,187,25,138
2,134
151,22,146,154
164,151,93
48,22,2,14
128,138
123,2
138,141
181,19,141
128,2
135,130
130,12,134
100,12
142,140
4,139
128,194,154,98,74
184,187,169
22,178
135,93,136,182
142,76,54
2,100,169
142,178,184
128,135,74,134
194,2
151,146
15,151,146
135,134,141
128,138
135,2,124
2,98
151,146
128,134
128,134
130,134
164,151,22,154
151,146,169
151,146,173
151,178,16,142,146,22,154,177,171
21,154,18,173
184,74
164,151,187
128,141,76,134
178,124,76,130,154,14,132,140
154,135,22,25,76
130,133
123,2
128,133
181,135,1
98,74
22,100
154,19
100,169
151,146,76
170,134
128,154
198,169
198,76
160,138
128,171
128,178,138,74
123,2
154,139
142,154
133,134
129,138,74
135,76,139
135,138
151,76
14,26,134
128,194
2,138,74
21,2,170,169,14
128,154,138
164,151,169
139,169,138
142,138
151,146,14
139,107
164,151,133,124,166,48,146,76,139,134,22,130,141,177,169,170
138,134
93,176
146,76
151,146
48,130
76,100,154
48,100
19,198,107
130,124,170
902,140,154
26,170
135,154
23,169,124
76,173,182
151,132,146
25,170
131,154,124
166,151,74
190,98
178,124
164,151,76,18
198,76
128,74
123,2
164,151
128,76,14
4,12
22,76
190,194
151,146
135,134
19,128,26,76,134,154
142,74
4,130
160,25
138,134
48,12,154
142,138
128,190,139
128,171
164,151,74
138,50
151,142,184
25,2
138,134
128,173
123,48,76,2,169
142,169
15,151,105,146,76
128,151,12
128,74
154,134
25,130,138,134
164,151
142,74
169,12,76,138
128,170,76,138,107
22,171
2,169
142,22,154
164,151,76,124,19
129,124
12,76,124
160,176
1,139,169
135,138
160,138
154,134
93,154,124,141
48,198,187,2
15,164,151,154
26,169,134
151,146,76
4,134
142,76
123,107
151,146
140,138
128,15
128,108,26
15,135,4,154
2,169
170,138,141
123,2
123,2
128,100,15,134
187,169
76,134
128,76,15
181,128
4,93
4,146
15,132,76,124
132,130,76
98,22,76
142,140,19
128,23,74
903,171
123,2,76
138,134
128,181
194,139
151,146
1,2
128,138
128,108,138
129,93
22,1
14,76,173
130,138
142,130,134
123,2
108,2
26,25
128,151,146
107,198,4,134
128,171,134
166,151
25,2
142,177,154
123,1
76,176
166,151,93
123,2,169
170,134
142,100,54,134
142,26,134,1,130,154,138
131,182
128,74,15,141
128,154
123,187,2
142,169,19
151,76
187,2,170
128,74,134
12,134
181,138
154,138
140,170
4,100,107
151,146
129,169,124,134
123,2
26,93,138,171
128,138
164,76
138,134
48,187
178,12,139,140,134
123,2,169
142,12
166,151,100,76,19
138,19
123,2
48,26,93
93,2,76
151,154,171
76,138
198,50
128,76
128,135,142,12
21,22
100,135,2
21,2,169
123,2
128,140
123,2,76
107,139,134,131,198,140
123,2
26,134
123,100,2
142,74
128,15
108,182,169,124,14
4,134
12,138
129,14
198,26,138
151,4,146
151,146,76
128,142
151,154
128,93,154,138
128,130,169
1,134
128,130,134
128,151,76,146,154
128,138
131,54
128,54
902,198
123,2
135,108,130
142,76,138
135,141
128,154
128,138,173
123,108,1
151,146
130,12
12,130
128,173,134
130,138
15,194,2,169
128,142,15
15,146,76,138
151,146,74
136,138
154,141
25,2,170
128,138
15,164,151,22,74
130,76,138
128,48,76
140,134
128,135,48,130
100,138
128,130
4,177,134,107
76,14
151,142,146,76,74
164,151
128,154
50,107
123,2,76
129,130,134
154,138
138,134
128,130,154
142,154
100,182,134
166,151,76
15,74,22,130,14,169
194,98,74
168,22
138,2,18
18,76,138
128,76,154,138
22,903
22,74
139,154,169
135,130
151,146
128,154
100,2,99
164,151,76
128,22,169
151,146
128,169
164,151,4,76
140,74
123,198,2
123,98,2,76
128,76,138
142,139
130,76,141
139,138
142,173
128,151,146,74
184,139
142,182
135,74
128,154,138
142,138
164,169,139,124
15,169,124
22,2,74
169,141
128,154
128,154
76,151,4,154,15
15,139
164,151,54
187,2,76,173
130,76
128,170
128,142,76,12,178
128,1,138
4,182
128,76
135,190,22
50,107
129,22,76,98
131,48,154,134
139,138
135,130
154,134
100,48,151,146
128,151,146,76
128,134
142,25,169,14
154,124
128,142,22,25
128,170,139,54,141
194,98
171,134
100,99
154,124
1,76,134
128,141
128,48,76
128,142,138
15,26,154
128,23
138,141
100,2
93,141
140,76
128,1,138,134
142,25,140
164,151,146,22,130,154,177
128,138,74
22,142,26
128,12
142,138
135,76
128,14
128,198
151,146,76
128,134
12,76
2,98
151,146,154
141,177,134
128,130
128,142,169,138
135,138
128,903,134
166,22,171
130,154
135,142
76,154
128,134
166,151,76
123,26
124,134
142,74,141
108,151,15,146,76,173,132
151,177,26
128,18,169,124
194,154
132,76,169,54
151,146
166,139,171
154,74
135,48
2,169,14
142,154
129,142
76,138
128,25,18,19
140,146
160,151,139,76
123,2
187,2,76
128,138
128,135
128,198
2,14
160,142,141
170,50,107
128,138
139,134
15,128
1,170
100,178,138
100,107
15,128,154
76,141
128,74,169,99
128,139,154,173
151,4,26
135,48
130,134
123,2
76,4,154,18,134
142,154
23,124
2,141
2,50,107
21,23,14
128,12
128,74
123,2
169,50,107
129,142,19,169,141
123,2
151,74
135,138
128,12
4,12
128,141
128,107,1,134
154,21,132,139
130,154,141
151,146
142,22,154
154,138
135,134
160,198,134,130,14
135,134
169,134
1,170
128,151
19,74
128,19
123,93,22,2
123,2
98,139,169,74
128,169,134
129,132,18,74
151,146,171
128,22,154,169,138
1,76
138,134
108,138
107,188
76,169,98,138
128,76
160,107,134
151,76,146,140
2,169
151,166,142,134,132,12,169
151,146
142,138
135,76
128,76
135,154
146,141
4,107
25,138,107
4,130,134
100,169
134,76,124,19
130,138
130,134
154,141
123,2,74
12,154
181,76
22,98
135,134
21,76,138,14
128,134
128,139,134,74,130,154,184,177
76,169
142,22,154
135,173
128,134
173,134
142,141
15,187,2
151,146,76,14
151,146,76
2,76
123,169
123,2,98,124,134
123,2
142,178,171
128,100
21,188
93,169
100,151,146,76,169
130,124
178,169
142,171
15,178
135,154,169
151,146,74
123,2,74
124,134
128,76,182
128,130,74
151,177
902,76,138,131
135,76
74,141
151,154
15,178
194,184,74
123,2
151,146
128,26,181
123,93,107,2,188
142,138
130,134
22,134
74,22,12,139,182
48,2
93,98
135,166,76,134,22,93,138,169
26,2
135,154
2,169,138
128,48,134
1,134
138,107
1,130,134
128,139
76,138
123,2
2,188
164,151,26,154
128,25
129,142,154
139,154,182
135,2,130
100,128,142,22,187,25,154
160,2
128,135,138
130,134
187,100,169
190,138
1,130,138
198,178,76,141
154,134
76,141
154,124
190,139
903,171,134
22,171
128,139
160,107
135,76
169,138
128,171
48,198
128,76,134
128,171
123,26,2
134,74
142,2
128,140,154
15,142,134,187,93,140,169
130,134
15,22,2,14
15,2,170
198,138
139,134
184,146
135,169
151,146
142,12
76,22,139,154,26
164,151
169,22,100,139,12
129,2
124,134
26,2,154,12,134
15,128
142,22,184,74
15,100,138
123,2
128,142,54,134
160,123,26,187,1,2
100,130
129,151
1,2,188
164,151,12,169,14
142,25
151,76
142,93,154,184
129,135,134
123,2
93,139,134
124,141
2,98
128,74
2,50
1,169
139,134
151,185,154
134,98,138,74
151,146
93,130
128,14
123,1
2,169
130,124,134
15,138
164,151
142,74,22,154,14,169
151,22,146,76
187,18
131,138
128,74
21,23
128,135,23,154
151,146,74
4,177,134
151,142,146,74
138,134
178,124
76,54
26,140,76,134
151,146,76
123,26,2,50
123,2
108,26,2
22,178,170
128,1
142,154
194,2
15,2,74
128,138
135,138
123,2
15,160,76,176
128,154,139,124,134
128,130
123,2
140,74
123,2
4,134
142,74,154,141
128,134
151,146
154,139
140,138
146,139
128,76,139
151,4,12,170
198,4,100,154,107
151,76,74
130,139
108,105,2,141
142,74
128,138
128,134
128,74
4,107
128,142,178
107,198,134,141
128,22,12
151,146
129,76
128,22,171
154,54
123,2
139,138
128,178
22,76,98,138
100,154,169,134
164,151,178,128,142,146,76,139,74,134,130,154,93,141,194,132,177,12,140
182,130,169,98,74
128,74,15,141
128,151,108,154
138,130,124
171,134
181,128
12,169,138,134
128,130
164,151,4,76
142,130,154
124,134
151,903,16
132,130
128,105,26
4,50
142,151,177,74
187,4,2,134
135,100,138,170
108,2
194,184,187,173
128,138
151,142
4,12
130,134
151,177,154
128,76
128,23,134
93,134
123,2
184,2
22,903,171,134
128,74
100,123,76,187,2,169
128,138
15,182
123,130,2,134
142,26
184,187,100
128,48,140
169,154,138
154,4,133
151,146,54,74
135,108,170
93,141
21,2,169
123,1,2
129,4,76,134
135,138
124,138
130,141
123,2,169
131,1,15
169,138,141
123,2
128,194,138,74
164,151,169
2,173
76,108,26,139,23
128,134
128,76,15
138,134
151,15,128,48,146,22,93,154
166,151
123,100
15,164,140,14
93,74
135,154
142,169,54,138
132,154,138,134
100,169,124
128,151,74
1,2,188
181,14,177,93,170
2,74
151,177,141
129,107,182,26,134
135,142,154
164,151,1
142,2,134
146,76,138
902,105,154,176
181,130,134
128,26,76,173
123,2
160,138
15,169,124
15,2,19
128,76
123,2
2,18
108,138
48,138,134
123,2,169
142,74,134
22,93
135,151,108,178,128,48,26,173,134,22,154,138,105,2
128,170
128,154
108,130,169
129,124
135,138
22,142
123,187,2,169
128,135
25,74
164,151,26,25,76
132,154,124,134
128,154
15,142,139,134,22,12
123,2,99
123,2,74
128,48
128,48,107
128,134
123,26,2,169
142,76,134
166,139,171
169,139,138
142,12
151,142,177,141
128,108,169
15,76
123,2
128,129,169
151,142
22,2,74
23,2
142,140
130,169,124
129,138
22,1
76,19
2,107
123,1,2
166,151
123,2
151,146,138
12,154,138
160,198,93,169
181,169,124
132,138
2,188
164,151,124,26,76,22
100,187,2
25,130,169
128,130,134
128,134
129,142,76
1,141
2,76
48,2
128,169
164,151
100,138
128,21,25,15,74
76,138
22,903
123,187,2
22,164,151,142,130
128,25
198,124
142,130,134
138,134
128,74
76,107
93,130,12
22,2
170,188
128,93
131,138
14,108,22,141
188,93,107
135,138
26,130
128,108,12,154
128,160,138,15
151,76,169
160,107
164,151,146
93,48,170,14
123,2
128,160,76,134
1,25,188
135,146,169
129,154,133
151,146,74
184,2,76
142,178,76,138,176
140,76
146,130
15,151,146
123,2
129,154,134
135,98,76
151,23,146,19
128,198,25,107
123,2
160,178
107,25,26,188
151,146
26,134
22,76
123,2
128,22,76,154
164,151,1
198,130
142,76
135,76
151,146,76
48,169
4,169
194,22
128,76,134
135,74
128,138
130,138,134
140,154,134
166,128,182
93,154,138,134
151,146,124
128,130,138
140,139
146,76
146,74
22,138
1,182
128,25
160,4,76
93,173
135,142
76,124
105,140
154,141
98,19
128,25,76
130,134
184,74
160,198
1,176
100,74
151,4,146,169
128,169
135,142,134,154,138,169
135,138
100,15,76,198,177,176
108,124
169,76,124,19
128,2,134
128,12,98,54
128,76,12,139
76,138
166,164,151,128,76
164,151,4
128,169
164,142,139,74
128,15,74,134,194,140
164,151
154,124
151,185,76
151,93
142,76
135,141
108,188
154,130,139,141
4,2,169
74,141
128,98
19,176
138,134
138,134
138,124
128,135
105,2,138,134
100,50
123,2
129,142,154,138
139,138,74
194,139
154,139,138
169,138
123,2
198,76
76,2,98,12,130
123,54
164,151
151,146
142,130,138
154,124
142,141
160,129,142,26,76,134,93,198,130,132
132,1
4,76,107
48,22,188
151,129,26,146,93,130
76,134
128,108,151,146,154
15,12
169,173
4,141
2,54
142,154,138
93,139
135,142
123,25,187,2
128,139
76,169,139,124
151,129,146,154,50,132
15,74
128,74
902,169,15
164,142,151
123,25,2
2,76
135,154
128,108,23,76,134
142,100
142,198
4,140
129,128,74
12,54
151,142,146,169
15,100,139,170
15,23,187,76
128,76
129,178
135,198
1,154
151,146
140,18
164,76
151,146,171
130,134
76,182
76,134
22,169
128,160,12,169
128,76,154,138
194,138
151,146,154,74
128,154
130,141
129,135
128,138
130,140,169,134
128,138
128,129,154
151,128,146,76,130,141
128,74
4,154
142,138
132,154,134
142,22
22,141
128,154
151,142,146,76,141
154,124
2,140,74
190,98
129,12
48,169
178,12,134
108,100,124,15,130,154
138,141
132,187,130,154
26,130
100,107,128,26,93,169
129,128
12,130
140,171
138,74
128,76
1,2,26
142,140
128,139
128,134
48,142,22,178
139,138
130,138,134
198,142,100,76,176
12,140
198,138,134
181,187,2
142,76
142,76
123,2,170
48,93
139,18
151,146,76
135,194,74
1,2
131,151,100,146,74
123,2
93,130,141
128,76
128,187
15,187
128,190
135,142
128,134
128,135
135,171
22,2,138
93,12
128,139
123,2
142,76,22,93,154,138,177,169
164,151,169
123,2
128,130,154
128,99,54,19
15,18,74
128,76
135,134
128,130
903,171
22,130,134
142,76
128,138,173
25,151,22,12,19
128,74
22,132,139,25,154
142,22
22,23
15,2,19
74,134
2,76
151,140,146,169,74
128,76,138
4,2
2,14
4,50
198,4
151,146
164,151,169
184,177
76,173
151,146
128,22,15,154,138
129,171,134
128,169
22,169,170
164,151,76
178,169,12,14
154,138,134
128,138
128,135
142,141
128,130
187,2,169
12,154,130
100,25,146,76
154,14
100,18
123,22,2
164,151,170,19
129,182,134
26,12,154
151,146
128,74
151,177
164,151,4,146,76,93,177
128,139
4,169
151,146,76,50
4,154,134
151,146
15,184,130
128,154,74
15,100,139
128,154,139
142,25,76,19
160,107,188
26,93,169,50
128,76
164,151
128,169
22,18
128,134
128,135,130,134
194,74
135,130,93
128,187,173
135,138
108,130
142,154
136,74
129,198,14
2,14
107,188
2,169
108,18,14
151,154
169,134
128,138,173
130,154
130,154
160,134
25,138
128,22
123,187,93,188
12,154
23,134
164,151,22,171
151,187
22,134
128,98
164,151,128,15,142,74,134
123,2
135,138,134
123,2
123,2
124,170
151,146,154
12,154,130
128,142
151,169
142,138
135,22,169
18,173
128,138
128,135,74
130,169
142,14
123,2,74
178,169
177,25,76
124,134
138,50,134
22,98,169,74
130,169
128,138,74
130,139
22,14
21,151,25,146,76
169,138,14
2,182
25,124,173
76,124
100,169,138
190,98
128,108,169
142,169
123,22,100,2
181,100,138
128,130,134
151,146,169
128,1
25,154,74
12,76,176,134
108,138
128,154
15,164,151,169,50
26,139,130,154,2,169
164,151,130,93
26,188
21,169
154,138
128,154,138
142,76
100,12
151,146,76
164,151,184
26,188
164,151,124,128,26,134,93,154,18,21
123,2,15
169,138,14
166,141
169,19
130,141
169,74
141,146,74,138,18,184
128,18
142,138
128,134
128,177
135,141
123,2
107,15,128,198,12,169
129,903,171
142,100
14,130,134
190,25,138
4,146,107
142,100,76
151,146,76
15,151,146
151,146
22,100,169
93,124
48,182
76,124
128,134
128,108,2,138,134
108,2
129,128
151,146,154
154,138
128,2,138
123,2
128,138
129,141
128,154
76,134
151,76,146,154,124
123,2
132,134
128,74
22,184
128,135
198,176
48,108
135,130
164,151
151,146,76
76,138
128,141
129,135
74,141
164,151,142,139,74,22,154,184
22,2
128,134
2,14
22,164,151,4,154
4,2
2,169
4,50
128,141
128,139,134
128,26,154
151,177
151,146
15,164,151,48,21
184,187
74,134,141
74,134
74,141
22,903,134
151,154
18,134
129,194
130,74
184,187,100
169,124
138,134
123,22,2,98
108,105,138,134
100,12
76,139,138
128,142,139,182,25,154,138,141,12
151,146,76
164,151
128,142
100,1,2,15
15,198,177
22,25,154,138
4,76
123,2
124,134
26,169
128,100
93,130,138
128,138
4,178,76
139,134
128,194,74
164,151,142,130,93,14
1,107
164,151
151,22,154,124
4,134
128,151,146,139
128,134
151,146
902,138,176
26,100
151,76
100,123,76,22,187,23,2
151,146,169,74
142,178,154,141
123,2
151,154
130,134
100,22,26,140
100,130,98,124
138,170
12,140
164,151
128,154
21,76,169
100,178,176
123,2,169
154,124,170
164,151,169
2,130
123,22
166,151,154,169,124
76,141
123,2,74
2,173
123,190,181,25,98,194,2
160,4,154
128,173
128,54,138
132,26
105,134
1,138
151,146,76
132,124,19
154,138,134
154,151,146,140
154,134
151,142,146,139
151,138,74
25,138
2,138
18,173
21,170
142,100
142,134
123,2
128,154,138
128,154
128,48,74,134
128,142
128,140
130,169
164,151
151,142,74,141
26,141
128,169,19
2,14
15,187,100
151,146
142,141
128,108,130
123,2
2,19
134,107
26,12
23,169
128,142
151,146
15,142
187,76
128,169
123,2
130,138
151,146,74
15,154
130,124
142,154,141
139,76
184,141
135,19,139,76,134,130,138,194,12
170,74
142,54
138,134
130,76,134
123,194
129,135,154
135,140,154,138
123,2
128,140
26,124
131,135,100
124,134
135,151,154
128,138
4,124
151,105,146
48,138
151,146,154
142,138
128,134
194,98,74
128,151,182
128,142,154,74
198,76,134
26,176
128,1
151,146
194,142,128,141
151,177,169
100,2
12,138
23,12
128,108
15,194,140
128,130
151,146,76
151,146
142,18
128,169
142,139,169
128,138
164,151,142
123,74,2,173
151,142,140
130,76,12
128,98,15
15,26,25,18,19
128,130
128,135
131,134
128,142,134
100,130
142,76
123,2,169
131,15
123,2
160,22
2,100,15,99
128,135,154
123,2
26,25,138
123,184,2
129,134
129,154
151,146
130,154,134
128,48
100,139,134,22,154,14
15,142,182,134
142,134
129,138
128,25,138,19
128,130
74,141
2,169
187,169
135,138
131,105,170,19
154,138
151,146,169
902,22
1,2
132,154,14
164,151
93,22,2,76
128,25,142,100
135,26
142,22,76
130,154,134
15,76,138,134
22,1,2,188
154,151,130,184,74
151,146,74
22,169
184,98
124,188
123,2
177,25,76,18
130,138
22,142,76,138,141
26,100,4,19
128,138
140,76,134
151,124,146,76,139,173,134,130,93,138,177
130,138
128,154,138
21,22,76
164,151,76
128,48,138
142,130,76
22,134
15,168,169
107,93,188
130,138
130,140
198,19,2,107
129,130,169,138,14
128,48,154
129,128
128,25,138
135,54,138
129,154
130,138
128,130
132,138
4,134
128,138
190,194,124,134
12,134
123,2
154,128,139,169
142,139,176
142,76
48,187
132,12,169
181,169
129,100
146,141
140,138
108,138
187,169
76,138,134
123,2
178,134
142,177
76,134
48,22,76,138,134
108,130
128,18
138,173
151,74
902,198,76
12,154
25,50,107
164,151,22,154
15,130
164,4,169
170,134
171,12,134
187,76
194,12,74
142,171
25,151,146,76
128,138
151,146,169
151,146
2,107
142,76
100,170,99
15,76
2,138
123,2
142,138
166,151,128
187,2
129,134
26,2
1,2,76
154,141
151,177
123,2
151,74
154,124
151,146,14
151,177,146,76,141
128,194
15,2
154,138
151,146,178
129,187
135,132,134
160,176,141
128,139
184,74
160,187,123
154,93,139,141
128,22,138
142,130,134
76,124
26,25,19
128,12,130
15,198
142,22,130
129,26,178
164,139
151,22,177
178,134
22,130,154,18,2,169
181,54
128,154
100,2,170
128,93
151,4,76
22,184
164,151,124,166,146,76,93,169
25,130,76,170
48,108,14
123,22,2,76
194,903
187,130
138,134
151,124,76,18,14,177
4,154,134
128,138,134
128,130,74
151,154
130,76
128,134
123,2
123,2
123,2
128,134
128,135,131
151,76,18
151,177,154,124
4,134
4,134
128,130
198,136
1,2
1,2,26
138,134
177,141
15,169,14
108,169,138
151,76
22,142,141
181,2,134
21,23,2,76,18
187,2
128,100,139,14
166,151,12,169
154,133,134
128,198
130,124
22,19
135,134
12,170,134
128,25
151,146,154
135,107
123,2
151,146
151,100,146,50,198,169
181,2,99
105,124
169,138
25,169
128,151,146
142,187,146
12,139
129,15
164,151,146,140
2,124
128,194,138
14,4,161,142,76,139,134,141,12
130,124
128,171
4,100,50
151,170
48,154,74
93,151,146,154
128,25
128,154,134
138,141
138,134
128,15
123,2,74
151,4,15,146,76,154
169,138
129,151,177,154
142,169
105,2,26,188
154,124
26,2
2,169
128,130
128,138,141
169,170
123,2
123,2
151,130
23,93,134
123,2
181,15,134
93,124
4,130
128,48,108
123,2,169
129,93,130,76
15,164,151,198,76
160,1,138
151,178,128,142,146,74,177,169,170
128,98,74
123,108,188
151,177,19
130,169
22,98,124
108,25
154,138
154,138,134
164,151,76
187,124
135,25,138
142,138
140,138
128,130
187,169
178,130
164,151,22
93,76,138
123,2
135,164,76
1,188
128,129,130
128,12
98,2,76
164,170,139,169,74
25,2,169,74
123,2,169
130,138
100,1,25
181,22,54
164,151
108,76
123,2
12,74
142,138
164,151,139,134
123,2,188
139,134
50,138
74,134
139,18
142,25
151,146
2,76
142,171
142,74
19,142,134,177,169,99
22,184
198,139,170
128,142,154,76
22,4
25,130,54,134
123,2
128,194,134
164,151,128,26,139,134,173,22,1,130,154,93,12
164,151,76
142,173
123,100,2,15
22,130,76
23,2
76,139,138
151,142,146,169
181,19,182
4,12,134
128,154
194,74
135,76
48,198
128,142,184
128,154
129,98,130,169,134
123,100,1,2
130,76,12
26,130,182
123,2
151,146,76
48,22,2
128,76,130,181
128,74
48,76
123,14,22,160,188
164,151
100,138
129,140
100,107
128,129,76
151,177,146
22,169,138,134
139,141
140,170
142,130
187,2
128,1
132,134
181,138
151,25,169
2,98
2,76
76,124
123,2
160,134,100,169,182
198,26
128,154
151,177
128,160
128,134
128,14
130,134
187,169,18
123,2
4,154,138
130,139
164,903,134
128,134
142,76,134
123,188
128,26,139,169,54
76,134
123,22,15
135,48,22,25
138,134
178,76
2,76
128,74
170,134
124,173
123,2
128,154
151,146,76
151,146,76
135,138
903,12
142,76
4,136
123,76,188,93,18,2
131,139
151,76,139
128,135
128,131,134
98,139,138,74
26,130
1,2
164,151,108,124,48,146,76,139,188,134,1,130,154,141,177,140,12
25,151,142,146,182
15,169
128,164
76,176
128,76
128,129,74
181,54,19
128,15
171,134
26,100,138,134
25,2
128,26,76
130,182
2,76
181,138
2,188
2,169
135,22,108
25,146,154
128,138
902,134
151,146,154
160,2
15,128,76
12,76
123,1,2
98,154,138
160,4
187,2
128,134
123,2,170
194,2
123,2,173
138,134
151,177
142,76,139
128,169,134
128,154
93,130,138
108,134
146,141
123,184,2
123,2
151,146,76
15,142,141
178,154
123,2
135,198,100,76,170
130,134
129,142,1,76
130,154,171
142,74
142,141
76,139,107
4,76
169,124
25,2
142,154
903,134
128,138
4,141
15,169,138
164,151,100
128,182
130,74
128,129
128,182
129,151,98,141
128,74
138,134
166,151
48,25,124
164,100
151,4,146
12,138
128,184,138
12,138
164,151,76,154
160,22,176
123,2
128,154,74
128,130
135,138
164,151,154
166,164,151,76
12,138
128,154,138,107
2,14
164,151,130,154,134
76,154
93,76
1,138,173
135,178
177,19
140,76
93,132,4,12
12,154
22,151,903,171
15,22,130,170
108,100
902,105
123,2
15,178,76
194,142
178,76
151,12,198
164,151,76,182
124,19,15,22,25,98,194,12
166,151,170
135,142
151,142,146
170,14
164,151,169,124
128,135
177,141
164,151,169
21,138
22,142
123,2,98
128,151
151,146
123,2
123,93,2
128,141
22,171
15,130,76
142,154
123,2
151,146
142,154
128,93
135,2,74
151,74
15,76,107
123,2
142,76,138
142,141
138,134
15,48,23,2,105
98,26,169
15,25,100,76
22,23,2,76,99
18,138
166,151
142,74
128,194,134
194,184,74
169,138
128,22
4,107
142,12,138
15,198
151,178,141
130,169
15,185
23,182
128,26,12,154
26,138,176
142,93
48,76
151,146,74
151,146
151,146
142,100,76,18,170
154,139
128,100,154
130,169
170,134
76,18
138,134
128,130
164,134
128,190,98,15
21,26
164,171
128,142
166,74
142,140
142,74
160,135
128,21,26,131
135,22,98
138,134
151,146,76,141
134,141
123,2
164,151
151,146,154
48,187,93,76
142,22
22,146
128,93
128,169
123,2
123,48,1,2,169,171
128,164,151
164,151
128,129
138,134
138,74
190,138,173
135,1,138
128,139
123,169
48,25,21,18
151,146,154
169,176,141
151,146
128,140,15
142,154,138
15,26
128,135,138
123,1,2
142,22
139,134
128,140,74
76,141
22,26
123,2
142,93
108,134
151,146
74,178,141
128,187,93
135,12
76,169
123,2,169,173
140,138
128,76
129,171,134
123,22,2,14
164,151
93,151,146,141
142,138
128,164,142,169
164,151,130,134
128,107
135,151,146,124
154,138
123,2,169
128,138,134
135,134
160,130
154,138
190,12,76
128,160,178
1,130
164,151,22
128,130
128,134,139,169,170
164,177,12,154
151,146,154
135,140,169,138
129,135,93,12,134
160,198
128,138
108,138
128,151,141
154,138
160,128
135,151,164,146,138,169
154,130,169,99,141
128,138
26,154
164,151
4,134
4,2,76
142,177,141
132,134
98,178,139,138,74
128,154
15,142
151,146,154,74
164,151,154
129,19,22,182
128,141
164,151,139
123,2
25,98
128,154,173
130,12
128,76,134
4,93
123,100,2,169
2,198,185
142,18,74
128,22
138,173
22,105,12,138
4,93,76
164,151
129,1
130,138
74,134
164,151
48,22,26,25
187,173
22,100,169,124
130,138
128,12,169
124,134
151,142,146
142,138
15,98,74
128,173
194,169
151,76
26,154
15,142,154
128,98,141
25,142,26,93,139
198,4
48,140,134
123,2
123,2
128,138
130,134
76,124
198,169
135,154
123,48,2,169
2,14
21,151
2,139
129,138
76,14
128,76,154,141,177,169
151,177,74
123,2
151,146
123,2
151,146,154
128,194
128,25,26,12
108,1
160,169,50
142,138
123,2
12,98,134
187,1,171
164,151,146
12,176
131,1
123,198,2,19
123,194,187,2
128,134
154,141
135,170
128,134
164,151,128,146,76,93,154,23,170
129,130,154
128,132
151,154
154,138
128,74
76,134
1,134
164,74
26,138,134
2,169
107,170,19
22,138
107,93,188
100,76,182
142,140
4,146
151,146,76
2,170,107
48,198,100
128,154
142,138
139,133
93,2
178,15,187,154,138,132,169
142,154,14
128,169
151,140,146
2,130
123,1,2
164,151
198,76
138,134
1,130
15,142,141
128,138
12,154
129,48,142,26,139,134,182,154,138,169
151,146,182
142,76,134,130,154,184
135,130,76
177,76
128,135
130,138
142,169
128,178,130,154,74
151,177,146,154
128,138
129,108
138,141
128,198,154
142,76
2,169
142,134
198,2,50
4,134
25,139
129,12,154,134
4,169
1,2
23,178,74
108,1
128,22
166,151,146
903,12
142,100,99
187,2
142,151,177,15
26,138
76,141
130,138,182
100,138
151,76
128,54
12,154
151,146,138
128,135,25,18
2,154
151,93
22,154
142,184,138,74
151,177,154
142,76
128,135,76,138
151,146
130,76
123,25,2
129,74
128,134
142,93
194,124,134
146,130
187,2
181,22
2,130,169
128,1,25
123,2
138,14
93,138
128,76,139,138
128,903,130
129,140,93,76,134
164,151,169,19
142,138
128,22
48,134
15,2,169,130
128,140
151,146,22,54,141,169
12,154
151,170
146,140
142,76,134
151,146,140,74
2,12,76,138
123,1,2,188
184,74
151,146
142,154
141,98,74
128,130
15,164,151,18
142,903,130
12,138
151,146
76,93,140,138,134
184,74
194,142
142,141
164,151
160,128
123,2
129,135
22,154,134
123,2
1,134
135,12,134
151,14
128,138
128,134
146,14
128,76,173,154,138,12
130,139
130,169
123,1,2,170
164,151
135,22,76,138
170,188
128,76,15
128,151
22,2,76,173
76,50,107
160,170,50,176
128,194,154,133
151,146,74
128,135,138
128,181
123,2
128,171
129,128
181,140,128
164,146,76
142,154
151,1,146
128,135,25
142,76
76,21,151,177,154
128,194
178,74
151,146
164,151,187,93
187,173
100,139
128,48,187
26,12,154
26,76
123,2,170,169,19
135,26,138
48,139
151,146
128,15,74
151,26
142,134,76,141
128,135,12,14
160,151,100,154
187,146
181,12
164,151
181,54
154,138
151,26,130,146
128,171
100,138
48,100
164,151,4,107,134
132,25
108,138
123,2
184,74,134
138,74
76,138
128,138
100,18
22,168,151,177,76
128,76,170
194,130
123,2
142,141
128,142,139,25,140,169
128,138
129,134
135,164,128,48,26,76,93,154,130
128,169,19
129,134
160,107
151,22,146
128,100,181
142,173
128,164,151,76,139
130,124
100,23,2
128,135
123,2
129,25,181,54
76,138
151,177,154
22,138,74
129,107,4,134
151,177
178,76,134
15,130
151,76,139
187,170
123,2
142,130
12,76
15,135
135,170
142,26
128,108,26
76,138
129,177,169
151,177,76,124,141
2,139,138
1,76,50
151,138
76,188
142,178,184
129,22,141
166,130,74
123,2
128,138,170
151,74,134
128,48
128,169,182
123,2
26,2
129,76,50,107
128,74
2,134
151,76
151,146,154
124,134
2,169
129,74
181,2
22,138
151,74
76,141
128,139
128,173
123,187,2
128,154
15,12
151,146
128,154
151,146,76
76,188
22,26,139,138
26,154
76,19
76,134
128,134
93,151,177,146,130
164,139,169
135,134
23,100
166,151
128,154,138
135,74
164,130
164,151,76
128,93,138
128,76
123,2
142,76
4,93
128,130
128,134
128,139
134,25,76,138,74
22,93
164,151
181,2
123,2
2,76
128,74
154,138
129,142,22
48,130
2,130,138
129,134
128,100,169,15,19
164,19,76,18,107
98,138
15,22,98
108,124
164,151,93
22,98
108,2
135,169
128,178
151,146,74
2,169
154,124
181,48,134
123,187
123,25,2,169
138,134
128,142,76
25,130,154,138
108,76,138
170,188
154,138
160,169
151,100,142,146,74,177
123,2
151,1
22,171
123,187,2
123,2
130,19
142,154
151,146
128,130,169
181,98,74
129,4,154
128,139,76
146,124
100,130,170
151,146,76
1,2,26
198,154
76,74
132,134
151,146
123,26,2,181
128,134
184,22,2
135,151,164,76,130,138,198,169
1,2,188
128,130
130,76
198,93,14
128,151
151,74,194,177,169,184
138,141
128,169,134
93,134
15,76,134
25,2,170,141
15,26,133,169
12,154
142,22,130
138,134
903,134
139,18
26,12,138
129,4,134
184,2
12,138
138,74
130,154
142,154
128,2
1,93,26,107
15,164,139,19
1,2
151,139
135,128,48,76,139,173,134,74,22,93,130,140,138,2,169
151,76,146,154,182
128,138,74
135,154
128,138
123,2,18,74
198,134
151,146,130
129,76
128,74
135,48,25,169
76,188
128,74
160,138
2,169
139,134
142,141
181,2,134
15,198,76,138
170,134
154,141
4,76
26,76
25,130
4,124
93,130
128,22,93
129,128
164,151,107
76,19
142,141
151,76
164,151,146
128,76
123,184,2,98,74
128,130,134
151,146
164,151,154
164,151,169
22,74
160,151,142,146,134,50,18
128,25
93,76,173
151,146,154,169
15,140,74
128,139
151,76
1,130,124
132,21,151,4
128,138,74
181,98,173,134
142,141
128,129,74
142,184
151,146,76
76,124
187,2
129,128
128,22
154,134
164,151,12,124
135,76
4,130
14,151,146,74
128,74,134
142,138,74
130,138
169,141
151,154
12,171
123,76,188
2,129,100
194,22
93,138
4,176
15,130
131,76
164,130,139,169,170
2,123,187,100
2,169
128,142
128,76,138
2,54,19
142,178
93,138
22,130
22,54,138
123,2
142,76
129,100
128,187,154,138
135,178,170
184,100,74,141
108,2,169
22,146
154,22,26,76,15
76,134
123,2,74
23,2
2,54
123,171,188
15,142,76
128,48,134
128,25,138
187,2
2,173
154,76
132,154
123,2
130,98
142,176
142,22,14
25,169
2,76
151,146,14
22,12
4,185
151,130,146,74
130,134
18,154,138
169,138
48,14,188
135,138
138,93,100,18,176
128,48
135,98,169,170
2,76,188
142,140,141
2,170,188
128,151,146,76
15,4,100
2,76,138
130,134
181,142,23,134
198,107
154,12,140,134
135,134
142,76,141
128,138,134
128,74
135,139
151,142
142,4,76,26
128,142,100,169,134
128,132
146,154
164,151
21,142,177,25,154
902,105
142,22,140,154,134
151,146,74
124,134
108,2,169,138
128,139
135,142,169,138
22,76
93,151,146,141
151,138
139,176,134
142,154
129,151,22,146,169
48,169
128,151,146,169,173
54,138
134,141
128,134
166,151
2,76
128,48,187,100
100,151,146
105,139
4,169
128,48
151,146
48,2,154
108,26,100,76
1,154
151,146,76
128,15
164,151
12,98
164,151
15,151,146
100,151,146,185
76,173
129,1
129,146,154,107
142,141
124,141
123,2
123,2
128,194,138
160,135,151,107,128,129,26,76,136,188,134,139,1,130,154,93,138,25,132,12
164,151
135,142,26
142,22,12,76,178
15,151,146,139
128,98,138
76,138
169,188
142,178,141
128,130,139
129,128
123,187,2
76,134
128,194
1,2
138,141
123,1,2
135,93
135,74
190,134
135,130,76
123,2
135,130
135,25,54
129,169
154,124,14
142,76,22,93,141,194
160,129,138
142,76
124,74
76,141
151,76
194,903
151,4,146,154,141
151,169
151,146,76
164,151
142,141
128,187
903,171,134
128,138
26,2
170,134
166,151
135,187,182,19
151,15,166,146,76,130,154,93,194,169,184
130,138,74
129,134,178,19
26,138
128,18
128,139,171
1,154,124
142,178
154,76
142,178,169
142,76
123,2
2,76
142,76,138
128,169,134
15,151,146,154
128,184,100,169
151,146,76
146,76
151,146,169
128,187
151,146
128,139
22,134
21,23
128,194
18,124
142,138
128,142
128,12
187,76
93,138
138,134
123,2,169
139,170
128,22,76
164,151,130
14,134
129,12,138
48,26,23,134
135,134
194,142
130,139,138
128,130
142,178,76
2,170,188
184,2
22,138,173
98,142,76
2,134
151,146,134
128,173
123,1,2
128,903
128,93,76
128,76,138,173
1,2
151,130,146,19
187,124
166,151
128,93,76
151,22,177,76
123,2
142,134
93,130,134
181,22,54
123,2
142,22,76
123,26,2,98
129,4
164,151,139,134
19,134
2,154,124,170
181,2
128,154,138,173
142,130
128,139
128,100,177,187
93,142,22,130
128,107,171,134
142,154
154,151,146,76
14,108,22,2,171
129,98,76
123,188
123,2,169,188
169,141
131,2
15,138
4,19
76,139
151,146,141
128,181
164,151,139
130,139
151,146
128,48,187,2
128,74
151,22,171
164,151
123,2
130,134
194,151,146,184,74
151,141
151,146
151,146
76,141
128,169
22,76,154
169,124
48,187,19
14,139,107
26,138
151,146
123,2
22,169,74
142,138,141
128,190,76,15
128,76
74,134
22,2,98
132,22
166,139
128,15,141
151,146
14,182,134
135,194
142,12,154
2,164,151,135,128,129,146,139,188,1,130,154,141,140,12
151,14,178,15,181,142,26,146,76,128,182,74,22,25,154,54,141,132,177,169
21,198
129,22
128,135,19
142,22,178,76,903
151,146
128,138
130,134
128,134
100,76,18
160,93,2
151,146
2,107
25,76
128,130,134
128,100,134
130,154
12,134
128,25,12,182
128,100,169
187,2
123,22,2
123,2
151,146,76
164,151
164,151
142,138
151,146
164,130
128,74,141
123,2
130,124
151,146
22,2
151,177,141
142,184,141
187,76
138,124
48,134
12,134
169,141
154,169
135,74
129,135
151,146
76,146,140
25,2
128,138
48,26
151,138
181,1,133
26,98
124,15,76,134,130,154,25
140,12
130,169,134
151,146
128,154,138
135,14
154,124
135,151,25,130,154,138
198,4,185
151,146,76,141
140,134
100,2
164,151,146,184,74
128,100,99
128,12,138,170
187,2,76,1
184,98
138,134
154,134
123,26,160,107
128,12
93,151,146
4,154
164,151,135,100,129,142,146,76,134,22,130,154,18,141,93
142,154
142,93
151,76
128,138
108,130
164,151,154,124
132,154,134
2,123,100
138,74
123,187,2,76
142,182,140,76,134
138,134
142,178,154,74
128,154,138,170
135,142
15,108,2,169
15,151,146,76,74
15,76
142,178,176
123,2
22,141,74
139,107,4,169,134
2,107
128,141
164,151
1,188
135,76,138
128,74
151,4,146,76
93,154
135,130
131,25,154,124
107,2,188
123,26,2
142,171
129,22,76
4,130,141
2,169
164,151,4,166,22,154
128,134
142,138
135,108
12,169
123,2,169
138,74
128,93,19
123,2
128,142
123,2,188
123,1,2
128,164,151
2,170
100,142,25,128
164,151
4,100,154
76,134
128,134
108,25,2,169,138
2,54
194,138
2,169
15,169
138,74
128,74
181,22,76,12,139
160,4,50,107
164,154
160,185,138
15,151,2,169,134
151,146,76
166,74
105,138
142,76
22,185,188
19,154,134
2,169,188
142,130,141
12,139,134
15,187
128,138
2,130
22,76
140,14
128,26,12,170
169,74
181,130,140,169
129,22,187
26,188
123,100,2
169,173
164,151,133,124,166,129,26,136,76,134,188,139,1,130,25,93,2
151,177
76,132,4,169
164,151
164,151,93,154
178,154
22,173
142,22,14
128,135,154
160,128
128,130
131,135,128,74
2,50
22,76,138
25,138
154,151,146,76
123,2
142,130,154,141
151,130
198,151,146,76
15,76
128,76
123,2
128,107
128,132,139,138
25,138
128,98
142,198
19,76,107
25,107
178,138
123,2
2,25,76
123,2
123,26,2
142,134
128,134
151,146,154,141
128,74
12,124
194,130
151,146
124,134
198,138
123,100,2,14
12,98
154,138
141,4,107
123,2
4,130
128,169
123,2,170
15,182
135,140,138
151,146
128,138
151,146,76
128,138
132,4
128,48,76
129,140,134
142,26
142,76
128,130,76,138
128,132,130
4,154
2,76
2,169
123,2
128,169
151,146
166,12
22,903,154,171
1,169
15,2,169
128,169,154,138
48,151,100,74,164
164,151,169
128,12,138
123,2
142,138
50,171
128,74
142,154
128,2,154,134
128,76,138,182
128,129
93,154,141
128,141,134
139,134
140,138,14
142,76
151,146,76,182
26,74
15,98,124
26,139
4,26
19,50,107
128,138
4,178
151,141,15,142,146,14
164,154
123,2
131,141
23,140,124
142,173
22,903,139
154,169
100,170,99
151,124,134
194,138,134
168,198
129,4,169,15
2,169
123,2
2,130
187,138
2,138
164,74
128,134
142,138
138,134
146,138
135,170
26,2
142,141
105,2
130,139
123,2
151,177,154,18
128,76,138
151,142,146
154,141
19,170
130,139,182
15,128
142,154
123,1,2,171,188
154,138
22,12
151,146
142,138
151,142,146
151,146
128,107
128,130
129,154
26,2
128,154,138
123,93,173
128,169,15
74,134
76,138,134
2,26,25,1,138
151,146,154
154,142,12,169
164,151,124
22,171
142,22,76,141
2,19
4,178,154,138
129,134
151,25,154
184,169
48,138
128,135,76
151,146,74
138,74
151,146,154
123,2
123,2
128,76,134
142,170
151,146
128,129
74,154,124,134
135,139
166,151
166,151,142,146,134
25,134
1,2,26
21,4,76,107
151,76
151,141,26,146,134,74,22,25,154,98,14,138,130,54,169
128,74
108,23
178,74
194,187
154,138
128,48
128,130,54,74
128,76,154
128,138,19
128,130
128,2,182
151,177,76,19
48,138
128,12,169
123,2
74,141
164,151,182
129,142,76,99
139,138
135,138
135,138
123,2
198,169,138
135,138
100,128,76,154,18,21
22,130,76,182
128,12
146,170
169,14
129,135,54
140,182
177,178,4,141
26,138
128,154
164,151,166,128,139,140
25,154
108,138
142,178
123,1,2
151,146
198,170,107
128,74
130,18
128,151,26
130,134
128,129,130,169,14
128,138
22,188
128,76,124
194,74
2,169,19
130,124
142,93,76,138
164,151
123,184,187,15
164,151,139
76,124
128,194,131,15,134
25,151,146
154,138
142,76
123,2,169
93,130
128,173
128,76
108,76,188
26,2
15,187
130,76
142,141
135,26,130
25,76
128,154
160,138
128,187
164,177,146
130,134
128,48,22,138
15,76
160,178
19,173
135,138
74,173
129,135
12,169
135,134
181,22,76,138
12,141
130,134
128,135,26,169
15,164,151,76
15,169,138
12,134
142,154,134
100,93,2,188
902,141
124,170
76,146,139
151,146
131,154,124
108,1,2,170
15,12
12,138
154,76
184,187
130,169
151,142,146
142,138
128,76
142,23,141
128,138
123,2
164,151
128,187
131,129,154,134
128,138,173
76,139,138,134
123,21,22,23,2
123,2
902,93,22,12,138
128,15
128,132,194,74
123,2
22,134
902,154
22,133
130,12
128,135
142,141
142,130
902,168,15
48,2
123,22,2
25,107
123,2
169,138
25,76
135,169
128,22
123,2
4,76
903,12
128,140
129,128
2,74
48,26,2,169
166,135,25
22,12,154
151,146,169,54
146,74
93,138
128,135
128,76
128,130
22,171
123,2
151,4,146
139,169
170,124,141
151,146,74
170,188
15,19,76,138,134
128,138
123,2
164,151,76,198,154
123,2,170
194,187
22,136,76,50,141
128,130
2,169
151,146
135,154
22,169
139,138
164,151,178,129,142,146,139,171,134,22,130,154,177,140,12,16
151,146
169,170
128,12
123,93
128,23,100,15,134
100,18
128,12
108,23,2
15,1
198,151,146,139,14
130,140
131,135,128
123,108,1,2
128,154
142,146
76,138
151,146,154,107
151,177,74
198,25,176
164,151,133,166,142,134,74,130,154,141,132,169
123,2
142,19
128,100
123,2
22,2
128,76,138,134
4,107
129,194
123,22,2,170,74
15,142,98
93,130
129,169
93,74
100,142,134,93,141,194,169
166,151,74
15,198,151,146,76
128,134
128,76,14
93,2,169
108,138,134
902,138
132,93,134
14,134
184,22,154
128,22,76
194,12
164,142
25,130
2,188
128,134
164,151,154
142,170
4,76,134
164,151,76
123,2,74
160,1,154,15
151,177
139,138
151,177,146,178,169
128,170,14
151,146,76
154,141
2,170
177,139
164,151,154,188
123,188
142,76
128,138
4,50
2,171
902,138
151,146
123,198,160
151,146
25,134
128,139,169
902,76,138
2,169
142,130,134
178,138
128,154,134
151,142,146,154
128,12
187,23
151,146
164,151,154
142,171
26,130,76
19,188
141,138,74
138,182
151,12
4,25,154
22,138,141
164,22,154
135,151,164,178,128,142,146,139,74,130,154,194,184,140,12
128,108,129,100,170
128,19
123,2
128,138
76,139
123,2
142,130
2,169
76,169
128,178,154
124,15,139,76,130,98
151,146,154,141
15,2
164,154
164,151
164,151,93
129,140
151,146
178,74
18,138,134
128,2
123,2
123,2
48,22
123,2,188
14,25,154,124,134
48,130,139
123,2
142,169
74,14
1,138
128,108
169,124,134
142,26,134
12,178
130,154
141,154,134
22,198,136,170
128,134
151,2,146,124
100,154
123,2
135,130
129,4,171,107
194,74
22,169
164,151,169
168,198,176,141
25,169
123,1,188
100,76,134,93,154,132,169
142,14
160,50
130,154
128,154
2,98,169
93,14,100,173
123,2
123,2
135,134
142,130,182
138,134
151,146,169
1,100,124
164,151,154
154,141
19,107
164,12,139,138
176,22,169,50,170
184,2
128,187,160,19
129,198,26,134
160,22
194,74,15,141
2,169
128,151,146
142,154
164,151,25,178
131,12,134
130,134
140,139,74
15,124,134
128,1
187,141
2,151,146
151,146
142,130,76
4,154
128,138
2,74
2,26,130,14
166,151
142,173
2,169
48,25,154
164,151,187
902,1,178
178,76
123,2
128,134
135,128,181,15,74,22
154,124
142,138
135,93,138
139,138
164,151,187
128,171,134
138,50,134
128,194,74
128,182
100,76,141
164,151,19,142,76,139
151,146
134,130,154,138,198,169
76,139,134
18,25,169,124
142,184,138
129,4
151,146,154
187,169
164,151,100,128,76,182,173,93,154,25,12,169
151,22,146
1,107
130,74
135,138
142,76
123,2,169
128,74
194,22
151,140,141
48,107,76,138,134
108,154,124
2,124
142,154
166,130,124
128,76,124,170
151,19,140,107
129,2
151,146
187,26
1,76,134
128,135,74
128,98,154,19
128,12
135,138
138,134
93,169
123,2
128,74
76,124
151,140
26,138,134
187,138,134
123,2
142,171
12,138
100,22,26,93
2,188
128,194,100
129,4,76
99,169,19
190,194
128,108,138
123,2
142,22
12,138
164,151,100,99
181,182
123,2
128,154,139
128,138
164,151
22,107
2,188
2,54
19,173
128,134
129,151,146,130
169,141
129,76
142,184,74
169,134
128,135,22,154
93,138
151,142,146,76,169
151,146
151,4,146,76
2,169
130,76
178,76
198,188
138,134
151,12
151,177
4,141
190,25,2
142,141
132,139,12,76,124
184,100
151,146
154,138
164,151,128,76,130,12
151,146
22,171
2,185
22,2,98,74
76,99
123,2
123,2
135,26,130,14
164,151
15,154,134
138,134
128,130
135,169
139,141
902,76,15
132,4
123,2,98
164,151,76
100,98,19
128,76,15
15,142,76
130,176
178,170
2,128,26,139,130,154,138,25,132,23,140,12
142,134
12,76
128,138
128,169
98,169
146,124
76,134,139,107
123,2,98
123,2,19
128,74
131,142,76
128,135,187
139,134
146,139
151,76,146,139
123,169
164,151,182
15,74
123,2,188
123,2
190,130
164,151
151,146,154
198,142
128,74,100,141
164,151
123,2
123,50
164,4
135,138
128,15
128,154
128,15
128,154,134
128,154,18
128,134
130,139,138
123,2
123,2
123,2,169,19
160,198,4,12,171
190,130
142,22,12,176,134
15,93,140,76
128,169,138
133,138
128,12
15,74
2,138
128,76
124,74
160,108
123,48,2,169
130,134
130,154,188
164,151,138
131,129
128,138
74,134
128,164,151
123,2
169,138,134
15,98,54
128,76
142,139
142,1,138
123,100,2
133,19,107,134,12,169
142,134
139,138
154,138
128,93
123,2
166,151,139
164,151,166,15,76,130,154,12
135,134,154,138,169,170
164,151
130,124
93,98,138
4,176
142,154,141
15,26
142,134
100,130,154,138,141
108,107,128,182,130,154,138,18,170
128,135,12
128,135,105,76
142,76
178,182
902,76
123,2,169
123,2
4,146,18
142,99
142,169,138
2,98
107,128,1,154,138,12,170
177,139,107
1,130,154,138,141,18,2,140
26,139,169
135,76,138
128,22,169
123,2
105,76,124
100,108,25,124
123,2
130,76
15,141
164,151,22,171
26,2
138,134
1,2
26,138
164,151
105,2
142,76
128,12,169
177,146,139,74
100,124,19,15,190,74,98,169
132,130
128,154
151,76
23,141
184,98
164,139
4,76
164,151,154
128,138
151,146,74
168,105,141
26,2
123,2
135,98
142,182
130,138
130,134
129,135,903,171
151,146
130,18,170
131,142,134
169,138,19
48,23
2,169
128,138
2,98
25,169
151,141
132,154
124,19
100,2
128,154,138
123,2
128,76,154,19
98,134
128,100,138
129,128
142,170,76,14
154,2,76,124,182
128,138
130,12
142,139,74
48,2
76,154,124
128,135,93
100,140
130,19
128,142
128,74,138,134
21,169
184,22
164,151
108,138
22,178,154,134
135,154
12,76
130,134
154,129,130,76
142,93,169,173,134
12,154
123,2
100,138
151,142,146,187
198,100,76,188
184,169
142,76,74
166,151
130,139
19,128,76,182,25,141
2,188
142,169,138
108,100,15,139,93,177
22,184
187,100
142,130,154
160,107
1,169,138
76,124
190,194
21,188
128,76,134
151,177,76
128,130
164,146
93,2,188
164,151,74
21,18,170
142,25,139,14
140,154,134
76,138,134
74,169,134
135,76
21,178,76
76,138
22,903
15,142,154
100,181,2,169,134
128,108,134
130,138
135,138
151,146
164,151,140,154
142,177
130,74
138,142,184,169,74
130,134
128,76,134
135,170,134
198,4,185,154
76,173
151,146,154,14
123,2,170
164,151
154,14
154,135,169,15
182,76,107
129,134
160,14,100,134
142,12,154,74
142,25,74
128,22,138
139,134
128,135
160,151,18
15,142,93,138,198,12
160,2
128,194
151,76,134
105,93,26
142,74
187,76
107,4,26,134
25,2
160,76,134
135,100
74,173
142,138
25,2
178,141
132,124
151,146,74
135,154
128,138
142,138,134
140,76,74
198,18
135,141,74
198,1,169
166,151
164,151,4,22,154,198,12
128,48,151,26
151,100,124,146,22,93,154,18,21,169
128,76
12,130,124,74
135,154,19
181,76
154,2,133,124
123,74
128,130
151,146
181,26,54
108,76,141
12,171
139,138
123,22,2
160,107
22,2
142,138
151,146,169
93,130,138
154,141
100,2
25,76,138
128,74
135,25,98,169,134
151,146,98,74
15,146
151,146
164,151
26,134
160,108,100,124,15,134,173,130,154,14,132,2,169
15,142,141
128,76,138
129,135,194
128,133
15,142
138,134
123,2,98
129,124
142,130
128,134
164,154
128,22,25,76
93,130
21,23,2,18
25,76,130,154,107
902,154
164,151
164,151,19,26,188,154,23
2,188
164,151
138,141
48,26
151,146,154
128,48
128,142,130,74
22,154
128,138
74,14
142,154
128,169
184,2
198,4,107
164,151,76,134
128,135
76,141
128,130
22,23
142,14
12,76,19
128,22,187,154,76
128,139
135,74
123,2,176
135,194
123,2,74
25,169
129,198
164,76
108,100,128,134,22,170
154,134
164,151,154,173
128,138
48,198,2,19
142,134
123,2
154,134
123,22,2,76
15,142
26,74,134,130,138,169
151,177,18
25,169
2,74
48,138
108,173
26,76,107
178,74
4,176
22,2
151,177
123,198,2
26,12
151,154
76,139,169,170
128,15,139,22,12,169
140,139
128,130,76
154,124
22,134
128,129
129,132
194,169
128,76,139
181,26
198,154
15,2
142,134
123,2
25,151,146,154
130,138
142,134
15,4
22,76
4,134
151,146
26,188
166,2
128,26,100
135,25
108,100,124
135,169,14
123,2
130,154,134
14,134
166,151,154,15
130,154,124
151,4,93
123,2,98
100,25,2,181
123,2
166,135,129,134,903
14,134
19,129,128,182,134,130
76,124
128,138
135,76
4,130
100,134
187,12
130,76
129,93,151,146,154
130,139
4,12,169,141
15,164
198,22
135,138
164,151
142,74,141
123,2
18,26,93,139,169
177,139,141
74,141
128,12
74,22,141
48,25,140
15,4
128,22
128,198,100,76,107
2,169
1,140
123,2
4,154,169
142,76,141
154,2,76
130,74
138,134
123,2
128,138
22,134
128,138
128,134
128,98,134
76,141
128,184
198,76
130,154,124
128,130
128,107
12,139
123,21
1,100
4,154
164,151
128,187,178,138,18
48,2
128,169,18
142,170,141
169,138
138,107
164,151,93,154,18
142,134
12,130
123,2
160,105,2
128,135,169,19
142,141
151,146
100,187,2
2,76,188
164,151,154
100,93,134
22,26
151,146,18
151,22,171,164
154,124
4,76
93,134
76,130,154
22,26
142,141
76,124
151,154
164,151
164,151,107,139,93,18
123,2
151,146
151,146,154,130
151,2
76,138
15,135
154,134
2,76
128,130,154
2,76
138,134
93,12
123,105,187
170,188
15,105,128,76
198,138
128,12
22,26,138,23
12,74
108,128,48,76,134,138,105,2
128,76
1,2
142,140,139,169
142,139
1,93,138,107
128,141
151,146,198,14
181,169,134
154,134,140,139,130
129,154,76,138
128,108,76
2,14
22,2,98
142,141
140,138,170
123,2
142,93
22,107
54,138
151,146
142,76
154,134
12,154
128,93,170
128,142
15,151,169
107,154,134
135,76
48,130
128,132,154
128,15
76,141
134,141
142,154,18
128,138
12,48,140,76,18
181,151
131,139,169,134
142,154
138,134
142,141
1,76,138
129,198,93
164,151,154
123,22,2
128,164,151,76
100,93
151,146
128,76,138
15,140
142,22,171
128,151,12
22,76,141
76,124
54,74
128,151,25,76
135,138
142,151,177,22
128,142,154
14,139,173,1,138,18,23,2
123,2
4,130
128,76
128,135
187,76,171
15,128
130,76
124,173
128,131
151,76,12,178
130,139,134
142,134
15,164,151,138
123,2
128,139
48,26
2,188
151,146,154
128,139
130,154
15,4,100
128,142,12
139,14
2,130
128,25,134
135,142,22,130,18
1,2,76
108,22,134
198,26
123,184,2
15,12,76,19
98,2,169
178,138
15,76,154
19,99
128,99
164,151,100,169
93,176
151,146,76
128,108,76
135,76
142,138
128,1,98,74
123,2
129,76
15,98,138,74
169,138
15,142,184
100,76,139,134,22,25,98,138,169
128,154
151,177,146,170
142,138
123,2
22,98,74
15,14
151,18
151,76
128,142,140
21,25
76,169
123,108
154,76,138
128,151,142,146
164,151
142,22
142,169,141
164,151,76
142,134
129,903,171
151,138
142,170,134
151,146
15,134
198,107,188
100,130,134
50,4,130,18
128,139
142,138,141
93,151,146
108,2
22,187
135,76,107
160,4,154,176
166,151
188,1,93,107
169,19
1,187,124
164,151,154
15,135
128,139
2,130,154,169,134
181,25,2,173
128,138
151,177
26,12,138
187,2
93,19,130,134
123,2
93,151,146
124,170
142,134
151,142,146,76,54
15,142,128,169
142,138
48,25,134
22,141
135,142
128,76
154,134
128,138,134
184,74
128,154
142,100
21,48,1
48,100,169
123,2,169
131,142,177,184
135,76
135,154,134
15,154,173
15,2
100,182
142,74
128,151,146,76
130,76
198,2,170
26,25,138
164,151,154
22,100,76
151,124,22,177,12,170
128,130
128,134
138,170
128,173
76,138,141
93,134
48,25,182
123,76,54
169,141
22,26,76
128,48,18
54,134
128,138
135,25
151,146
151,146
22,26
142,76
139,169,154,138
139,124
48,93,138
76,124
154,124
128,181,48,139,154,141,12
26,2,74
128,25
15,154
128,154,134
128,130,134
164,151,76,154
22,140,138
129,138
128,169
128,129,26
132,151,146
76,138
128,142,170
128,134
164,151
108,76
128,151,146
154,151,26,198
128,134
164,151,93
128,138
154,138,134
2,50,107
138,134
100,138
128,154,139
100,134
98,74
100,12,181
22,154,170
128,74
181,48,26
128,134
19,129,15,134,130,21
128,135,151,154,134
198,76
130,169
128,194
160,107
123,2,169
171,135,194,130,134
22,74
164,151,182
164,151
164,151
903,134
142,141
166,151,76,176
142,12
151,146,76
142,187
142,74
194,74
93,188
128,169,141
151,146
76,135,4,105
1,2
142,74
164,93
26,169
128,164,151,105,169
76,141
100,25
142,76
12,140
128,108
154,134
142,130,134
164,151,146
142,22
151,128,15,146,76,154,141,169
15,4
123,74,2,170
22,26
129,134
198,139
187,23
129,194
22,130
181,76
139,138
164,151
128,138
190,25,2
123,2
15,154
123,198,2
128,141
130,154
1,26
128,154
76,141
2,107
164,151,22,182
151,146
142,140,76
76,138
123,2,170
140,169
151,74
164,151,138,134
194,184
128,108,138
128,154
21,100
123,2
2,124
164,151
164,151
128,903,154
19,76,139,22,138,12
178,124
164,151,100,15,76,154
128,169
135,76
25,134
76,141
128,25,154,138
128,48,105,12,15
22,171
142,138,173
128,903,130
128,182
128,139
164,151
181,22,130
142,12
21,154
124,170
74,12,173
131,2
123,2
123,2
22,2
128,138
128,48,198,76
54,139,138
98,134
130,124
130,12
151,146
2,76
194,142
15,107,188
2,138
171,12,134
164,151
164,151,146,76,74,169
138,74
139,54
108,22,2
123,1,2,26
151,76
54,170
160,198,4,134
187,2,1
2,76
142,74
902,105
128,138
128,98
142,76,138
128,74
151,178,128,74,134,173,154,18,177,169
142,139
128,198
22,98,54
123,22,100,2,188
25,12,76
2,134
160,169,188
151,177
2,169
48,187,18,19
123,2
132,154
123,108,1
22,141
54,134
128,130,12,134
154,142,76,141
135,100
164,151
130,138
25,169
25,146,124
128,48,154,138
187,2
2,54,14
135,134
142,141
182,138,74
164,151,169
22,130,107
124,173
190,26,2
154,1,130,139,138
123,2
128,138
130,154
164,151
129,93,26,2
22,169
129,154,181,138,74
142,178
135,154,138
164,151
15,134
123,2
93,100,141
128,138
169,138
26,173
198,142
76,154,138
128,164,151,74
130,74
123,2
128,138
15,2
164,151,154
151,146
135,22,76,74
76,124
76,138
142,134
142,134
128,76
123,2
129,128
76,93,154
128,2
142,178,74
124,141
4,130,154
108,134
22,164,151,142,134
123,2
124,170
128,154,14
164,151
139,169
130,169
142,138
181,142
151,142,146,138,14
15,25,154,141
76,176
154,169
138,107
123,2
142,138
130,139,138
128,100,134
100,2,169
129,128
135,138
128,135,194,93,134
123,2,76
93,138
138,151,154,18
108,1,2,170
22,140,138
2,74
139,74
25,169
1,2,26
2,190,25
181,151,22,146,23
135,76
15,22,146
142,74
93,139
166,151,76,124
128,12
166,151
140,76,134
1,169,26
154,138
128,154
164,151
2,151,146
154,134
139,141
4,140
123,22,2
123,2
135,54
146,140
181,164,151,154
142,25,19
76,138
76,138
142,139
74,134,141
15,48,142,2,170
12,138
132,154
142,141
128,138,74
15,124,19
2,26,140
181,22
108,2
123,187,2,19
164,151,18,170
128,169,15,134
139,169
132,170
184,98
198,134
135,130
128,164,151
130,76
54,138
130,98,138
129,190,25,76,134
135,164,151,132
160,107
194,22,100,76,134
132,4,76,169
128,130,76
15,142,169
171,134
2,76
48,93,169
123,2
128,22
128,1,154
15,135,142
48,188
128,74
138,134
128,142,15
2,25,169
151,177,25,19
135,151,26,146,74,134,12,169,170
151,146,154
151,142,146,154
100,173
164,151,93,76,19
128,138
123,2,74
164,187,154
142,23,2
22,177,100,178,182
138,130,12
151,146,169
15,151,177
100,128,15,142,23,169
22,138
76,138
100,184,2
22,99
131,134
128,134
12,18
22,138,19
135,141
139,151,4,169
128,22,140,76
128,154
151,146
151,146,154,124
194,154
128,74,138,173
151,146
108,128,76,22,177,2,169
132,130
129,76
128,194
123,2
128,140
131,135
198,134
138,74
76,141
138,134
123,2
154,164,151,139
2,25
124,170
142,76,182
100,154,12
128,130
902,178
164,76
25,76
100,98
170,134
136,134
25,2
138,74
198,76
124,14
76,141
135,93
187,76
139,76
18,19
139,76,130,154,132,169
128,108,140,14
142,173
123,2
164,151,2
142,182,141
128,15
131,154
138,170
142,141
22,74
123,26,2,173
135,100
1,26,188
14,138,134
22,2
151,146,76
128,194
26,12
128,76
123,2
22,93,154,124,134
151,177,100,76
12,134
76,124
142,154
184,74,98,173
128,194,130,154
164,151,4,178,100,129,26,146,76,139,134,131,130,140,25,141,132,177,12,169
108,105
134,154,124,171
154,98,134
166,151,74
48,124,134
151,142,22,169
198,100
140,74
100,173
2,130,76
123,2
2,169
139,170
93,134
15,169
169,138
128,108,100,170
26,185
100,12,76
128,134
142,93,139
12,134
166,100,76
181,98
123,187,2,170
22,142
146,171
128,141
128,76,22,130,154,171
142,140
151,146
128,1,2,76
108,169,134
190,98
128,98,76,154
187,169
128,130
15,4,76,18,141
26,1,107
129,134
48,151
151,76,134
128,132,1
154,124
169,134
131,142,177
151,146
128,142
128,184
1,100,76
129,134
128,12,173
138,134
128,198,154
151,25,138
154,135,139
139,138,74
164,177,139
128,100,76
154,124
15,48,108,105
142,74
151,146
151,178,128,146,74,177,12,169
160,128
108,141
164,151,107,15,76,154
169,138
26,2
135,48,128,138
2,188
26,98
178,154
2,76
142,130,138
166,903,171
128,129,19
170,134
160,22
178,134
123,2,169
19,99,141
135,48
190,124
130,12
100,130,76
2,169
74,141
181,54
128,76,25,130,14,2
151,146,154
151,12,170
160,108,178,76,173,105
194,130
151,142,146,154
128,130,140
123,2
151,142,146,154
12,76,171
128,22
128,130
128,108,76
4,134
130,76
15,22
128,194
128,164,76,14
131,23,181
129,26,140
129,76
2,188
2,76,188
76,169
142,93,76
142,141,170
22,18
76,138,141
15,164,151
128,108
128,138,74
128,12,99
25,138
181,22,2
135,168,138
15,2
123,48,2
135,154
128,130,154
132,142
74,14
128,76
171,134
48,2
129,134
128,134
128,160,138
164,151,139
123,188
164,151
138,74
12,138
140,12
129,135,198
154,124,134
187,130
4,130,169,19
142,154,138
108,1,23,141
164,151
93,2
151,146,169
2,169
128,134
123,2
198,140
194,2
139,74
18,76,169
76,138,107
12,139
169,141
164,151,22
128,26,173
93,18
15,169,154,124
151,76
128,22,76
93,151,146,178
902,105,129,154,134
128,130,74
128,154,141
151,76,154
168,154,138
123,2,74
142,76
1,2
76,107
164,151
187,2,169
194,98
198,138
76,138
128,25
76,173
130,154
138,74
128,19
184,130,134
134,176
123,2
902,168,198,154,132
135,130,170
164,151,142,134,154,140
108,23,93,134
123,1
151,146
154,169
135,142,12,76
151,177,146,139
128,134
154,139
100,151,22,146
76,141
1,2
100,76,107
151,100,15,146,25,105
128,2,139,169
151,146
128,194,100,138,74
151,146,124
2,18
160,100,76,134
166,151
151,146
138,74
22,100
25,151,100,124
26,107
93,130,138
181,151,146,154
123,2
128,12,74
194,2,169,184
151,169,138
48,132
128,25
22,26,2
123,76
128,154,74
128,154,139
164,151
129,12,154,141
48,134
138,134
151,142,146,138
164,151
123,2,74
22,188
181,142,99
15,151
22,151,903,146,171
100,12,154
151,146
169,138
140,139,138
135,22,140
128,142,76,18
129,142
128,12,154,18
164,151,4,76
164,151,76
22,198,4
98,169,134
164,151
181,151,54
22,25,134
128,142,76,154
154,2,139,12
21,25,169
164,151,93,124
2,188
22,171
128,130,154,18
4,100,15,187,105,169
135,132,74
18,124,74
76,138
138,134
169,19
98,169,134
128,76,138
15,135,25,76,138
142,105,134
22,98
142,182,19
151,142,146,76,182,131
15,187
22,170
129,135
187,74
15,128
142,74
2,170
128,169,15
76,154
140,76
151,169
132,142,154,134
187,2,76,19
164,151,124,76,139,22,130,132,2
2,169
123,2
128,135,18,74
22,74,138,182
142,139,141
128,135
130,138
135,76
25,138
128,130,169
142,141
169,124,141
123,2,170
128,194,15
130,169
139,76,22,25,98,194
15,177,141
166,139,74
105,4,100,76,18
48,130,124
93,154,169,141
164,151,25,124
123,2
22,178,138
169,138
151,146,76
129,2,182,128,14
151,146,138,74
128,76,154
123,2
139,169
160,1,76,138
135,130,138
2,14
15,12
181,48,169,14
151,138
130,154
142,22
181,22,12,141
128,151,76
164,151,76,19
129,194,22,181,138
135,100
128,154
135,25,138
123,187,2
4,105,76
76,138
130,154,134
142,138
142,50
190,139,138
128,178,74
139,176
128,26,169,134
123,2
22,154
128,22,107
123,2
22,100,182
142,76
142,76
128,130,154
151,19,128,181,142,146,76,134,130
4,140,26
160,135,108,100,128,22,25,18,138,170
123,2
107,123,26,188,1,50,198,2
22,74
2,100,188
128,138,134
164,151
130,136
130,138
25,14
128,54
160,198
123,2
131,76,124
142,198,76
181,2
130,169
151,177,154,169
142,184
1,130,14
123,2
25,2,76
178,76,141
151,146,169
128,74,2,134
22,903,2,76
198,76,134
166,128
142,187,76
151,146,76
142,170
151,19,146,74
22,187
128,154
76,141
15,74
123,2,188
123,76,188,93,18,2,176
76,99
124,76,138,141
138,134
26,74
25,138
164,151,146,76,14
902,134
48,19
128,132
22,138
135,76
151,146,76
128,1
151,146
123,2
142,100,138
903,140
123,2
164,151,12
123,2
164,151
130,154,14
128,140,169
124,134
129,171
151,76
100,194,2,98
166,177
151,177
12,154
154,166,139
123,2
154,1,133
128,134
93,154
128,160
164,151,26,22,25,54,169
48,26,178,154,138
151,169
142,26,18,76,50
164,151,18
902,138
4,169,1,134
139,141
135,141
151,146,76
21,19,93,169,188
160,76
128,74
154,166,139
129,130
15,98
128,23,141
146,74
198,130,76
74,173
151,146
151,146
1,76
4,154
128,138
128,142,2
129,107
135,128,76,134,25,130,138,14
151,146,134
76,169
22,76
128,19,74
198,130
135,130
128,142
198,138
123,2
142,138
107,4,134
164,151,93,76
128,76
135,138
171,134
2,76
25,105,178,169,26
2,12
22,130
164,151
198,138,176
76,139
134,12,171
23,12
130,138
22,98
12,138
130,134
151,177,130
15,12
93,130
154,136
128,130,15
4,178
142,170
151,146
169,176
135,139,76
123,2
142,138
187,2
151,76,141
132,176
903,2
135,76
1,76,124
123,2,169
128,22
135,138
151,146,154
151,154
128,18,134
132,130
128,93,100,141
142,138
154,138
130,134
130,138
123,198,2,19
2,169
128,134
139,141
166,151
93,188
142,76
76,138
108,169,173
2,14
123,22,2
151,146
76,138
123,2
76,134
198,132,4,130,154
138,134
128,154,15
22,2
138,170
128,187
138,134
902,129,154
22,76
123,26,76,188,1,2
123,2,169
76,141
128,76
164,151,903
128,134
132,4,154
184,98
22,2
22,134
123,100,2
166,151,76,14
128,154,181
123,2
164,151
187,26
128,130,107
164,151,169,173
154,142,76
2,74
2,170
177,141
48,2,139,12
128,138,170
128,141,74
93,76,130
160,76,100,133
151,76,169,107
15,132,19
128,154
76,138
130,134
198,25
140,76
12,76,138
123,2
128,48,93,15
151,134
98,138
128,154
93,141
142,169,74
198,124
129,140,154
128,22
142,99
142,130,76
181,2,169
15,132
151,142,12
142,98
142,74
123,2,170
142,178
151,142,146,76,198,105
129,138
135,151,23,154,134
178,124
138,74
123,2,98,169,173
142,141
142,25,76
123,2
123,100,2
164,151
26,139
128,130
76,134
130,134
22,151,177,171
164,151,170
123,2
134,154,50,176
151,74
76,134
154,169,141
128,154,139
198,2
142,54
4,107
128,154,134
135,142,138
74,134
154,138,14
26,4,169,18
123,1
128,138
142,93,138,134
128,48,134
123,2
130,154
151,146
1,2
164,151
123,2
160,100,139,138
129,15
12,170
100,4,130,76
128,133
151,146
48,19
139,138
4,176
138,171
128,141
22,76
15,142,169
177,100
198,1,76
128,134
178,173
76,138
198,138
22,1,26,188
128,138
142,74,134
129,154
194,98,184,74
138,25,54
151,146,76,124,182
2,76
135,19
128,130
2,169
48,26
142,138,176
181,19
128,74
142,154
4,107,76,18,141,177
128,105,15
151,76
48,22,134
169,173
76,134
123,2
128,164,151
151,100,76,170
178,139,141
128,12
12,169
129,22,105,108,154
15,74
128,134
12,170
151,76
142,154,170
164,151,100,170
107,76,19
22,130,138
128,138
2,124
169,138
135,142
128,22
123,187,2,169
128,154
128,130
128,187
151,146
128,48,138,19
130,138
22,134
184,187
123,2
169,188
160,134
48,134
123,2,76,173
198,26
2,74
151,146,76
22,2
142,100
128,93
164,151,26,134
151,146,154
123,2,76
22,100,169,141
164,76
177,140,76
123,2,170,14
151,146
151,177
128,54
130,138
164,151,25,18
160,135,129,142,76,134,131,22,130,154,141,132,12,169
142,138,170
129,4,134,169,171
15,74,2,138,134
142,140
129,124
164,151
25,2
128,54
15,198,76
160,132
142,138,170
151,146
128,12
12,98,124,130
142,76
15,99,76,19
154,134
74,134
100,134
142,169,141
135,74
128,154
128,22,23
76,173
15,48,93,76
151,146,76
142,130,138
123,2,15
140,139
129,124
151,146
166,25,76
128,194,129,171
151,146
169,138
160,154
128,25,130
26,138
187,76
4,134
129,14,141
154,139
138,134
98,74
128,142,154,98,141,169
151,146
164,151
151,146
76,138
130,138
164,151,146,76
123,108,25,2
142,134
132,142,184,138,74
129,76
151,140,146,170
2,100,98
142,154
151,76
135,177,141
135,173
194,22
25,154
166,128,134
135,25,130,169
164,151,14
142,14
93,2,173
130,12,141
140,169
128,138
22,4
135,154
181,26,74,130,98,140,169
26,76
142,141
151,169
164,151,171
151,142,146,76
194,2,74
128,22
164,151,135,128,146,76,134
160,169,19
2,170
130,138
142,178,54,19
194,187,2
142,154
181,169
142,154
26,134
129,154
142,141
128,138
187,2,76
182,130,76,138,141
12,134
151,76
128,182
128,132,154
164,151
123,74
164,151,135,14,161,128,142,146,76,134,22,130,154,138,141,132
123,188
93,151,146
128,169
23,54
26,169,74
151,146
151,130,154
194,142,100,141
142,134
128,134
4,50
2,188
169,138
129,26
2,12,98
128,151
128,48,139
187,170,141
128,26,169,139,54
128,130
194,93,138
130,169
129,141
129,142
128,138
129,151,142,146
1,188
93,154
100,151,146,169
48,2
154,134
151,93
129,99
130,134
48,4,187,19
140,76
48,133,170
198,100,176
151,146,170
123,194,2,98,19
123,2
142,169
123,2
151,76,146,154
25,12
146,141
164,151,135,146,76,93,138
2,138
151,177,178,154,74
135,132
128,135
123,2
128,140
151,177,4
142,100,169
26,124
26,93,50
128,135,154
154,141
154,134
128,134
140,76
166,151
26,138,134
2,169,173
198,93,154
123,1,2,170
4,134
93,100,173
123,2
2,98
164,151,154
15,14
26,93
128,154
2,138
138,134
134,100,169,14
142,26
164,151,93,173
181,48,138
2,74
142,26
128,134
132,130
128,74,142,184,134
26,2
124,170
198,93,138
108,130
154,138,134
128,15,142,22,138,169
128,130
129,181
166,151,182
130,134
164,151,124,146,130,154,93,14,2
141,134,130,170
142,76
100,18,170
128,169
164,151,76,130,154,169
151,146,154
26,12,138
164,151,22,74
12,171
25,187,130,138
151,146,76
135,138
128,130
184,177,140
129,108,130,128
76,124
130,141
25,154
22,12,139
128,22,171,146,141
22,130,169,138
130,124
141,19,146,76,54,138
123,22,2,50
128,130
21,23,138
135,139
1,2,138
151,146,138
100,151,22,93
166,151,154
128,139,138
22,130
128,74
164,151,146,76,22,93,154,18,130,198
48,138
160,4,50
151,146
128,76,154
123,2
154,138
142,2
130,124
139,14
164,151
21,151,146,76,173
184,138
139,138
142,26,74,130,134
128,25
123,2,74
76,14
26,100,50,19
22,25
22,76,146,154
168,198,176
100,22,12,154
124,188
22,2,169,18
15,139,154,18,177,169
1,12,138
124,134
12,138
135,108
169,188
18,139,124
128,76,138
130,138
25,130,169
128,74
164,151
100,74
184,130
151,146,154
15,151,146,169
198,139
123,2,76,50,188
128,903
160,164,151,168,146
169,74
2,134
123,2,169,14
128,14,1,173
128,129,130
128,76,107
194,130
146,76
129,130
129,146,154
123,2
128,74
100,1,187
151,146,169
181,170
1,2,76
169,138
128,130
164,151,142,26,146,76
184,146,74
93,22,146
123,2
22,25
151,146,76
26,25
128,19,187,154,134
2,76
128,74,134
129,21,26,154,134
142,138
151,93,141
128,130
142,178
128,154
50,107
128,74
108,138
12,140
130,124
123,2,176
100,76,138
2,169,14
142,100,134
160,123,187,2
128,108,14
123,2
76,4,12,139
2,170,188
142,141
128,1
164,151,15,146,74,22
140,138
